"OBS","G","GV"
"1917M08",NA,NA
"1917M09",19.2311808190132,NA
"1917M10",28.5914821116323,NA
"1917M11",15.7308511546542,NA
"1917M12",41.8559554789348,NA
"1918M01",-10.7010865203745,NA
"1918M02",-7.78834486317574,NA
"1918M03",27.6284019772153,NA
"1918M04",14.5951689728372,NA
"1918M05",-6.40001517043514,NA
"1918M06",13.6315665240465,NA
"1918M07",20.5866378455788,NA
"1918M08",40.6913115365696,NA
"1918M09",65.3276922609781,NA
"1918M10",56.5197905917953,NA
"1918M11",12.0703060161433,NA
"1918M12",14.6165022682452,NA
"1919M01",-47.6654903378073,NA
"1919M02",-30.103619463506,NA
"1919M03",2.58064615587452,NA
"1919M04",7.19642336684903,NA
"1919M05",-7.45423838556549,NA
"1919M06",-12.9618888245567,NA
"1919M07",1.30250745448217,NA
"1919M08",4.41798008505154,NA
"1919M09",19.5544635703562,NA
"1919M10",29.4941850483815,NA
"1919M11",25.1343890707748,NA
"1919M12",32.239308706312,NA
"1920M01",-26.6437587804541,NA
"1920M02",13.0357347088455,NA
"1920M03",26.8286968480581,NA
"1920M04",-6.12006034274319,NA
"1920M05",9.87079596124829,NA
"1920M06",7.93159963803189,NA
"1920M07",6.95519721420244,NA
"1920M08",7.14493611821405,NA
"1920M09",20.7314126302428,NA
"1920M10",16.3756163047214,NA
"1920M11",-2.45330445081704,NA
"1920M12",-0.893355708484922,NA
"1921M01",-58.8386808651929,NA
"1921M02",-32.8266257185399,NA
"1921M03",-14.313320408491,NA
"1921M04",-31.1513166345808,NA
"1921M05",-9.0509542843578,NA
"1921M06",-27.0534639466871,NA
"1921M07",-20.5667253628012,NA
"1921M08",-22.7972396354398,NA
"1921M09",-5.09554905774134,NA
"1921M10",-8.36052376121108,NA
"1921M11",-13.061353438108,NA
"1921M12",12.2491706659871,NA
"1922M01",-52.8744275681833,NA
"1922M02",-21.7045421893728,NA
"1922M03",9.18664773759392,NA
"1922M04",-0.286020737857306,NA
"1922M05",-9.18884604759729,NA
"1922M06",-6.06864628733517,NA
"1922M07",4.04917231630604,NA
"1922M08",1.44282811658796,NA
"1922M09",29.6241011314058,NA
"1922M10",25.334428952486,NA
"1922M11",7.6888134900007,NA
"1922M12",41.9585548890503,NA
"1923M01",-39.7707694152323,NA
"1923M02",-1.91409405970004,NA
"1923M03",11.1679389656541,NA
"1923M04",4.87035617823057,NA
"1923M05",8.87796897773425,NA
"1923M06",4.01382914084163,NA
"1923M07",8.78344833083151,NA
"1923M08",5.55617793415424,NA
"1923M09",17.8169211854525,NA
"1923M10",10.3582861542458,NA
"1923M11",3.09013046296602,NA
"1923M12",29.9698116589106,NA
"1924M01",-57.545271746443,NA
"1924M02",-3.95387507622313,NA
"1924M03",9.9912934770539,NA
"1924M04",4.1820996369597,NA
"1924M05",-5.22990585939391,NA
"1924M06",-9.47165627723052,NA
"1924M07",-5.29451553787244,NA
"1924M08",-2.65604358101035,NA
"1924M09",14.0105127152877,NA
"1924M10",9.94553130243885,NA
"1924M11",20.4161272101222,NA
"1924M12",29.8623592168784,NA
"1925M01",-57.5987705655679,NA
"1925M02",-15.3070032380223,NA
"1925M03",2.38806048961218,NA
"1925M04",-2.91938659968727,NA
"1925M05",-3.1929065400317,NA
"1925M06",-0.266459421545218,NA
"1925M07",1.06548286689172,NA
"1925M08",6.10823494371786,NA
"1925M09",23.8670308718241,NA
"1925M10",9.57004748882389,NA
"1925M11",3.85811070736777,NA
"1925M12",40.1510362970695,NA
"1926M01",-58.0019637274532,NA
"1926M02",-9.68274798812905,NA
"1926M03",2.62467296237183,NA
"1926M04",4.70999296337427,NA
"1926M05",-2.87613167425436,NA
"1926M06",2.6149498253619,NA
"1926M07",9.10770933867218,NA
"1926M08",-1.03738930169381,NA
"1926M09",14.6987977251967,NA
"1926M10",8.17372253426427,NA
"1926M11",1.0178117658528,NA
"1926M12",31.6270136464349,NA
"1927M01",-57.8547557820571,NA
"1927M02",-15.7001803450352,NA
"1927M03",3.41918039543847,NA
"1927M04",6.0255557233571,NA
"1927M05",-4.97545720961652,NA
"1927M06",-7.63411590848167,NA
"1927M07",5.27010069717502,NA
"1927M08",-0.525969765159484,NA
"1927M09",17.7548930831356,NA
"1927M10",3.62303488500277,NA
"1927M11",1.29129464736311,NA
"1927M12",28.5667050047208,NA
"1928M01",-68.1898520103093,NA
"1928M02",-20.4489253222433,NA
"1928M03",0.271339741122212,NA
"1928M04",5.41395008109795,NA
"1928M05",-2.16264983067438,NA
"1928M06",3.78208327483449,NA
"1928M07",2.69420858572182,NA
"1928M08",-0.807627624427987,NA
"1928M09",16.3158648569811,NA
"1928M10",8.47124629847995,NA
"1928M11",6.31441930566119,NA
"1928M12",38.2214362658779,NA
"1929M01",-67.9772225016264,NA
"1929M02",-16.794856535454,NA
"1929M03",6.25780808240615,NA
"1929M04",-8.16885387362989,NA
"1929M05",1.36534318973212,NA
"1929M06",0.818460870651005,NA
"1929M07",20.8183660015357,NA
"1929M08",3.47942699440118,NA
"1929M09",9.05262779965321,NA
"1929M10",-0.26528130980159,NA
"1929M11",9.2501283933438,NA
"1929M12",25.5273355267731,NA
"1930M01",-77.4462253650853,NA
"1930M02",-27.2486221028431,NA
"1930M03",-6.20302133106279,NA
"1930M04",-3.96413763045649,NA
"1930M05",-5.97086885236839,NA
"1930M06",-2.28245432577756,NA
"1930M07",-1.71469426650965,NA
"1930M08",-2.0035782829833,NA
"1930M09",4.86004237873239,NA
"1930M10",2.28028572178704,NA
"1930M11",7.66413013254725,NA
"1930M12",80.6957711195969,NA
"1931M01",-34.349393489805,NA
"1931M02",-26.7014113027391,NA
"1931M03",-2.22893029024185,NA
"1931M04",15.7915242053766,NA
"1931M05",8.77517621554382,NA
"1931M06",19.2437777278839,NA
"1931M07",22.9034915288812,NA
"1931M08",28.9296234596249,NA
"1931M09",46.9658091081352,NA
"1931M10",82.5272813409097,NA
"1931M11",9.21132905205839,NA
"1931M12",21.1469233732693,NA
"1932M01",7.63904470746208,NA
"1932M02",-4.03814178037605,NA
"1932M03",-21.7693044847802,NA
"1932M04",-18.2153559958217,NA
"1932M05",0.928972370760395,NA
"1932M06",17.0575288517925,NA
"1932M07",49.5447224137118,NA
"1932M08",-7.04847841451288,NA
"1932M09",-7.53465079269846,NA
"1932M10",-9.37330412026416,NA
"1932M11",0,NA
"1932M12",12.4815389755384,NA
"1933M01",-15.1731288890361,NA
"1933M02",57.2215443477342,NA
"1933M03",NA,NA
"1933M04",NA,NA
"1933M05",-54.7695371474447,NA
"1933M06",-29.1213132030324,NA
"1933M07",-14.8300328842997,NA
"1933M08",-13.2127862801671,NA
"1933M09",3.59752939483622,NA
"1933M10",5.37615235610858,NA
"1933M11",5.5746639325271,NA
"1933M12",28.5780129954089,NA
"1934M01",-31.250619890798,NA
"1934M02",-9.62601934399778,NA
"1934M03",6.50043618159772,NA
"1934M04",-0.44717719913816,NA
"1934M05",-2.46245772446407,NA
"1934M06",-3.14136305049466,NA
"1934M07",2.02039146033819,NA
"1934M08",1.12097159015647,NA
"1934M09",16.0269494178665,NA
"1934M10",10.1285004966162,NA
"1934M11",4.59561061356117,NA
"1934M12",17.9932916812016,NA
"1935M01",-36.2604944961823,NA
"1935M02",6.1935621362708,NA
"1935M03",8.35474243291259,NA
"1935M04",5.0287037242092,NA
"1935M05",1.52630165030301,NA
"1935M06",3.26412387314194,NA
"1935M07",8.01374695604355,NA
"1935M08",3.66412498426829,NA
"1935M09",16.0330166273805,NA
"1935M10",11.202194957146,NA
"1935M11",13.8052768896163,NA
"1935M12",26.1259997980307,NA
"1936M01",-28.8326895896336,NA
"1936M02",4.57698197036223,NA
"1936M03",16.0882437264051,NA
"1936M04",7.14956579128643,NA
"1936M05",5.28366645316076,NA
"1936M06",28.8494695891123,NA
"1936M07",27.5919208264428,NA
"1936M08",-2.32370574466261,NA
"1936M09",12.9168248515144,NA
"1936M10",12.0201338921655,NA
"1936M11",15.0921656036457,NA
"1936M12",35.4651023655554,NA
"1937M01",-35.6525877186435,NA
"1937M02",-5.82662277167696,NA
"1937M03",4.13793513469907,NA
"1937M04",1.12605575982707,NA
"1937M05",5.4277562707993,NA
"1937M06",1.679496425308,NA
"1937M07",7.4361198450136,NA
"1937M08",4.62428317918802,NA
"1937M09",10.660201825038,NA
"1937M10",1.46296878833354,NA
"1937M11",-1.46296878833354,NA
"1937M12",10.929037292357,NA
"1938M01",-40.756894837704,NA
"1938M02",-14.7217952120187,NA
"1938M03",3.60275217289292,NA
"1938M04",9.24169597286753,NA
"1938M05",5.24918818577724,NA
"1938M06",3.36239323351632,NA
"1938M07",5.76879454791728,NA
"1938M08",3.33694020067359,NA
"1938M09",16.1816733325962,NA
"1938M10",17.767358870434,NA
"1938M11",5.74507381004761,NA
"1938M12",33.207888874211,NA
"1939M01",-31.0605575526296,NA
"1939M02",-2.68476508439024,NA
"1939M03",11.9457193301049,NA
"1939M04",18.1354783226467,NA
"1939M05",9.05270505376139,NA
"1939M06",8.12390571256261,NA
"1939M07",14.5539345517129,NA
"1939M08",7.97232418488134,NA
"1939M09",25.2605689133231,NA
"1939M10",13.0069188637064,NA
"1939M11",13.8391059633042,NA
"1939M12",31.3158498237637,NA
"1940M01",-26.4693165799349,NA
"1940M02",-2.74396514746193,NA
"1940M03",9.97726010448297,NA
"1940M04",7.03064594353808,NA
"1940M05",13.466376714894,NA
"1940M06",21.0819398373767,NA
"1940M07",20.2614176424104,NA
"1940M08",12.5671453293066,NA
"1940M09",19.1262920776435,NA
"1940M10",19.2639392143605,NA
"1940M11",27.2591494014442,NA
"1940M12",38.3123226585724,NA
"1941M01",-13.473143442792,NA
"1941M02",12.2294052074258,NA
"1941M03",21.3777493314625,NA
"1941M04",21.5373139570039,NA
"1941M05",26.1281489749455,NA
"1941M06",32.0705966909728,NA
"1941M07",28.6325848093295,NA
"1941M08",20.7909245021106,NA
"1941M09",26.7749801115421,NA
"1941M10",24.6725527566641,NA
"1941M11",26.1206499135199,NA
"1941M12",54.643768361808,NA
"1942M01",13.0377018117807,NA
"1942M02",23.8584955259679,NA
"1942M03",18.813610667949,NA
"1942M04",14.3056289939796,NA
"1942M05",25.7920985152914,NA
"1942M06",31.3567673078847,NA
"1942M07",30.9412978811931,NA
"1942M08",38.3527598926445,NA
"1942M09",45.6764769062342,NA
"1942M10",44.6897438363518,NA
"1942M11",44.0803852433961,NA
"1942M12",52.4008636111155,NA
"1943M01",22.0204094978541,NA
"1943M02",33.6556827159757,NA
"1943M03",23.3366741773267,NA
"1943M04",22.0892235384724,NA
"1943M05",26.4809471033741,NA
"1943M06",28.3511071225222,NA
"1943M07",31.912018681941,NA
"1943M08",34.4534076141663,NA
"1943M09",34.6456020479508,NA
"1943M10",17.3021815352136,NA
"1943M11",35.1621080098106,NA
"1943M12",40.8188264930438,NA
"1944M01",10.9169448071489,NA
"1944M02",12.0985853029774,NA
"1944M03",18.9816212824493,NA
"1944M04",19.7563361016707,NA
"1944M05",28.3780090499141,NA
"1944M06",25.7863859360881,NA
"1944M07",15.1887222502424,NA
"1944M08",21.4893383087753,NA
"1944M09",27.7096137911379,NA
"1944M10",29.5751476952354,NA
"1944M11",30.7570572824142,NA
"1944M12",22.53745292308,NA
"1945M01",1.71258701020367,NA
"1945M02",13.4253911659707,NA
"1945M03",15.0886625026898,NA
"1945M04",7.3584372189325,NA
"1945M05",15.6763115534213,NA
"1945M06",9.52529948457226,NA
"1945M07",16.0214799715767,NA
"1945M08",20.9469505773693,NA
"1945M09",16.2302816810865,NA
"1945M10",7.66858357584273,NA
"1945M11",8.89938831198105,NA
"1945M12",12.7626947254145,NA
"1946M01",-12.4643409971197,NA
"1946M02",-9.15479824296614,NA
"1946M03",-1.33197285279731,NA
"1946M04",0.429830221659699,NA
"1946M05",2.36131809078746,NA
"1946M06",6.92827755840515,NA
"1946M07",5.99777927505567,NA
"1946M08",3.00884800865688,NA
"1946M09",5.32114192335928,NA
"1946M10",4.62622799871504,NA
"1946M11",5.82047725782981,NA
"1946M12",11.2259151442554,NA
"1947M01",-18.93678504942,NA
"1947M02",-10.2599010029138,NA
"1947M03",-1.14542281512335,NA
"1947M04",-3.74083692366103,NA
"1947M05",-1.15009859184276,NA
"1947M06",3.31950419146807,NA
"1947M07",0.977077671469395,NA
"1947M08",-0.297287255329337,NA
"1947M09",16.9545575094055,NA
"1947M10",-2.34751699263036,NA
"1947M11",2.09621686257151,NA
"1947M12",12.0449044600003,NA
"1948M01",-22.7318374056996,NA
"1948M02",-12.6607653464111,NA
"1948M03",-6.63848794043957,NA
"1948M04",-7.53947226767533,NA
"1948M05",-0.734936526619734,NA
"1948M06",4.18743117599956,NA
"1948M07",4.68809398981787,NA
"1948M08",0.944003481422939,NA
"1948M09",7.48278716738753,NA
"1948M10",1.53354653459044,NA
"1948M11",3.78287747966866,NA
"1948M12",6.17990783833395,NA
"1949M01",-24.4388522277822,NA
"1949M02",-13.2143225383357,NA
"1949M03",-1.61299136050825,NA
"1949M04",-2.00836866963545,NA
"1949M05",-1.04918039470459,NA
"1949M06",-0.262438492024408,NA
"1949M07",1.74850679340057,NA
"1949M08",-3.28054296786444,NA
"1949M09",2.36289457910068,NA
"1949M10",0.218551369282061,NA
"1949M11",0.917481340090198,NA
"1949M12",11.1717674912551,NA
"1950M01",-22.4485201300233,NA
"1950M02",-9.38265457172793,NA
"1950M03",1.55408802317254,NA
"1950M04",0.842805690314385,NA
"1950M05",-1.77501696442217,NA
"1950M06",0.177619893752556,NA
"1950M07",4.03376624218694,NA
"1950M08",-4.78883242792119,NA
"1950M09",6.42506566036847,NA
"1950M10",3.4861296513224,NA
"1950M11",6.46001596733328,NA
"1950M12",18.5268058644585,NA
"1951M01",-21.862335771535,NA
"1951M02",-7.00841309638971,NA
"1951M03",1.14883284420806,NA
"1951M04",0.353265871916797,NA
"1951M05",6.38498469850166,NA
"1951M06",9.79740097541857,NA
"1951M07",13.4713635246298,NA
"1951M08",3.95628382010536,NA
"1951M09",-32.1098122025772,NA
"1951M10",50.6837923073631,NA
"1951M11",9.47389962690135,NA
"1951M12",21.9015274105992,NA
"1952M01",-20.8534741028741,NA
"1952M02",-9.7190370523661,NA
"1952M03",1.30886841609374,NA
"1952M04",0.928009045124867,NA
"1952M05",4.12516191279142,NA
"1952M06",11.9582871131255,NA
"1952M07",7.67226266120922,NA
"1952M08",2.47780389501386,NA
"1952M09",10.4739587776764,NA
"1952M10",8.63870075984092,NA
"1952M11",14.0871797242488,NA
"1952M12",23.4452306838099,NA
"1953M01",-22.8033478121263,NA
"1953M02",-8.12907632654518,NA
"1953M03",1.37212054633604,NA
"1953M04",1.20939305429317,NA
"1953M05",3.54053767200639,NA
"1953M06",5.69120334655651,NA
"1953M07",6.10201225109108,NA
"1953M08",0.0795597693059591,NA
"1953M09",6.38731981626428,NA
"1953M10",1.50261989515492,NA
"1953M11",7.44573226425924,NA
"1953M12",16.1112899141619,NA
"1954M01",-26.8811240269997,NA
"1954M02",-15.1136001294518,NA
"1954M03",-4.14049956033438,NA
"1954M04",-1.81345009745186,NA
"1954M05",0.725708932210622,NA
"1954M06",3.34065854953067,NA
"1954M07",4.49318524415947,NA
"1954M08",-2.88654422225978,NA
"1954M09",3.80717336396454,NA
"1954M10",3.47600502752172,NA
"1954M11",8.30948404364431,NA
"1954M12",18.1666750232814,NA
"1955M01",-25.2001570858605,NA
"1955M02",-13.0632071078724,NA
"1955M03",0.241716185730567,NA
"1955M04",0.68459823659861,NA
"1955M05",2.17201909536939,NA
"1955M06",7.57125577526274,NA
"1955M07",9.30823111181205,NA
"1955M08",0.198108068401126,NA
"1955M09",5.17881183970275,NA
"1955M10",4.4100325260926,NA
"1955M11",10.1365506600981,NA
"1955M12",18.3321858395466,NA
"1956M01",-25.0150449476681,NA
"1956M02",-16.0175965296055,NA
"1956M03",1.66694255348219,NA
"1956M04",-0.436356428668638,NA
"1956M05",3.09074269395513,NA
"1956M06",8.39977796690583,NA
"1956M07",8.41943832723278,NA
"1956M08",-3.94782200008255,NA
"1956M09",5.97531054166343,NA
"1956M10",2.37404199572033,NA
"1956M11",12.9162408399644,NA
"1956M12",21.9909922546085,NA
"1957M01",-28.0837461125994,NA
"1957M02",-17.3281180806173,NA
"1957M03",-1.05946412388587,NA
"1957M04",1.76525423703087,NA
"1957M05",1.25371391468452,NA
"1957M06",10.021667748638,NA
"1957M07",8.28149953956121,NA
"1957M08",-3.1278677746938,NA
"1957M09",4.16868121632241,NA
"1957M10",-1.3108013897341,NA
"1957M11",8.68622074663925,NA
"1957M12",22.647549728296,NA
"1958M01",-33.26402439776,NA
"1958M02",-17.5526505050263,NA
"1958M03",-0.74513458936174,NA
"1958M04",2.54723084394453,NA
"1958M05",5.62391187540605,NA
"1958M06",9.35367059398686,NA
"1958M07",8.66735707099426,NA
"1958M08",0.153521397254508,NA
"1958M09",2.83660889152806,NA
"1958M10",1.83638370340589,NA
"1958M11",13.0035175030727,NA
"1958M12",23.924789787841,NA
"1959M01",-30.6370862721051,NA
"1959M02",-15.2317391366068,NA
"1959M03",2.53927635629943,NA
"1959M04",2.95571379219286,NA
"1959M05",6.91931003918675,NA
"1959M06",12.2117228563688,NA
"1959M07",8.98430071854257,NA
"1959M08",-1.91151477959348,NA
"1959M09",1.199737657344,NA
"1959M10",-1.91264983065036,NA
"1959M11",8.04254947073524,NA
"1959M12",21.5776003656039,4187.70093480432
"1960M01",-27.0331743136188,63.3810670072973
"1960M02",-17.2767978604217,-187.555924077042
"1960M03",1.63267914252412,-45.9826371625639
"1960M04",3.33438799950052,23.2115554117572
"1960M05",0.075673971332435,71.3965186375741
"1960M06",7.69378460574668,67.3861233956744
"1960M07",9.5483770806986,63.8024014568138
"1960M08",-3.09957070893709,279.366554671136
"1960M09",2.24145510658858,965.571221742345
"1960M10",1.00729047900519,24.5184465806471
"1960M11",10.359456017143,423.822861113944
"1960M12",20.2363199656938,853.83002327697
"1961M01",-26.0919787637887,17.5387737469178
"1961M02",-17.2126431029147,-85.937441359794
"1961M03",-0.150763239095042,-35.9727186034618
"1961M04",3.01167180291824,29.0619631810475
"1961M05",3.11664103848059,7.40286123205833
"1961M06",8.96669697146013,14.670109355111
"1961M07",12.8101919960303,36.3809275673324
"1961M08",-0.773611287134912,-18.5313522343315
"1961M09",5.66160175229804,24.1762078022077
"1961M10",5.233390932516,17.239667502243
"1961M11",13.5081766520408,19.2738368952104
"1961M12",25.3317929159559,99.5479589497659
"1962M01",-21.9423675856543,16.6438174369807
"1962M02",-17.4820235079105,-108.025393263041
"1962M03",5.32232478296475,-25.5912211939296
"1962M04",8.69805384719839,27.3984504511751
"1962M05",3.06550424422607,9.89140107805415
"1962M06",10.7929551915204,17.336845353082
"1962M07",13.0648312790885,33.510790465476
"1962M08",-0.88306722654572,-22.0904992920837
"1962M09",1.65962920211129,37.0187174019224
"1962M10",3.38276541733489,-2.12126624091242
"1962M11",16.0433468069378,17.7031661700459
"1962M12",24.1633896340108,107.582407765401
"1963M01",-22.2899612850704,-12.3038565877189
"1963M02",-13.7367489753659,-100.310005089725
"1963M03",7.06234011182367,-14.7967349489744
"1963M04",10.1014496027259,37.6862792923523
"1963M05",5.17390856128479,-9.10349193526567
"1963M06",14.2333376821389,23.0380747433423
"1963M07",15.7125592321162,36.1231288894939
"1963M08",1.40912030059539,-23.5575690487395
"1963M09",5.25282090058248,41.2193760175653
"1963M10",5.49581142423783,-8.20983818006011
"1963M11",18.106954875957,19.8415932268517
"1963M12",29.9991378946336,124.849581509668
"1964M01",-23.0144040366865,-19.6323397262481
"1964M02",-16.1524833731722,-93.6971533085971
"1964M03",7.2020934476507,-18.8737641242192
"1964M04",9.27578718333226,27.2520907647613
"1964M05",6.87773923083217,-6.08752098143324
"1964M06",13.7662663874314,23.7930689899605
"1964M07",13.0724751173384,4.85150715247542
"1964M08",2.90679447031685,13.7017381207702
"1964M09",6.04376703814236,26.582789339006
"1964M10",4.29394631049558,-11.9439984697821
"1964M11",17.1779851151214,29.1075806981795
"1964M12",23.7583147870394,81.3230921700404
"1965M01",-19.5096508829396,2.65120240401267
"1965M02",-12.6671447322733,-74.0744152074826
"1965M03",4.12376867293727,2.46226086682082
"1965M04",5.37369644136394,5.25932178611423
"1965M05",2.89305090114933,1.04910395724769
"1965M06",13.8450731623596,31.0540618602547
"1965M07",15.3683742034479,7.13176006048091
"1965M08",2.87662134907318,7.42618403773694
"1965M09",7.22102835428107,11.0538115871341
"1965M10",11.4286578135063,17.2140882919272
"1965M11",17.8998663669887,28.5805119857724
"1965M12",24.7958734191565,61.6161398340363
"1966M01",-16.6080726760178,8.50636473328148
"1966M02",-11.5892542095253,-66.5973317825065
"1966M03",4.91012125051089,-10.2839408196806
"1966M04",8.06235197773688,14.7555989086571
"1966M05",5.02952584617251,-3.19234027057931
"1966M06",12.5249291488437,20.2857445670865
"1966M07",15.1732967069927,23.3440119897153
"1966M08",1.65237204473492,1.84804964656991
"1966M09",3.27002333456079,11.0289262426876
"1966M10",3.28897146870197,9.11396786093368
"1966M11",16.5580872507235,16.2327124563033
"1966M12",23.1918858283263,62.8202551643445
"1967M01",-15.2840691345711,29.3892240099549
"1967M02",-13.2731368313097,-87.7390902963522
"1967M03",4.32165075015156,-23.4300309258653
"1967M04",3.62148472123742,21.3459217306218
"1967M05",6.93801441013058,-0.298025582060824
"1967M06",13.5144798178754,18.3390308205643
"1967M07",11.6315818558412,39.840079550954
"1967M08",0.586627569845533,-20.3321890637441
"1967M09",4.65617027085994,19.7641417158585
"1967M10",5.14066943477758,3.40425760223972
"1967M11",14.4815976117453,2.54687042898078
"1967M12",26.9174992773923,75.5896662589888
"1968M01",-13.9258601708079,35.5659068253265
"1968M02",-15.1095866423374,-91.5289673578185
"1968M03",6.96728170371497,-18.7788487149044
"1968M04",13.2483664108685,36.7205285384604
"1968M05",5.69925979841308,-24.6347020547604
"1968M06",15.9518965327951,25.1825221966644
"1968M07",14.9940732056793,29.7513548435063
"1968M08",2.54316619528421,-27.0159992027605
"1968M09",7.30028944668142,42.6747417927302
"1968M10",3.90501446495417,-10.3277698064965
"1968M11",18.753824517507,2.92197155993792
"1968M12",29.158227297124,55.4742401350904
"1969M01",-19.8177756300369,82.7070011834837
"1969M02",-13.4529198246039,-106.242183194459
"1969M03",5.03522757729069,-36.1915542687486
"1969M04",6.46366767169191,-2.66548310392913
"1969M05",5.87657973231135,9.0385894757171
"1969M06",17.7904689276414,5.02148073342958
"1969M07",13.2538203994333,31.4951382685342
"1969M08",1.63771447306598,-6.18159770055557
"1969M09",2.59237374936685,22.0048809855235
"1969M10",5.70216067262486,-13.5133691934667
"1969M11",18.1355527097338,11.991170257853
"1969M12",25.390349427693,57.4960268350767
"1970M01",-19.2766164535128,74.5843762998408
"1970M02",-14.3064575423828,-98.0426676022581
"1970M03",6.86549331162176,-32.7691023666102
"1970M04",10.3953992673246,10.101069743435
"1970M05",14.0584738321907,8.2698458239034
"1970M06",14.1395878298869,14.6449226899322
"1970M07",12.6812607885354,22.727489249485
"1970M08",1.46896286557343,9.16403167449618
"1970M09",3.60994647659823,26.1396474193345
"1970M10",2.88015848210605,0.704983864396436
"1970M11",17.3520981046707,7.96100480808626
"1970M12",24.3884471921803,45.3402529540867
"1971M01",-17.3848487761596,46.0704940459928
"1971M02",-9.39028964079291,-85.1261821558344
"1971M03",7.91586484594369,-19.6610600560548
"1971M04",12.6127766300414,-3.78176401237296
"1971M05",9.29461146514186,22.9784277778022
"1971M06",16.8864188127355,14.5428345261409
"1971M07",18.0599746507451,19.3460804604955
"1971M08",1.22290927086155,9.22129924201789
"1971M09",2.13709699708104,17.7912821519652
"1971M10",3.53311704008945,-8.64030318286959
"1971M11",15.3312306876952,12.1671242373363
"1971M12",22.075743431898,48.1056594398162
"1972M01",-16.5235990511238,48.6903216606488
"1972M02",-10.6877301388273,-76.0663084138913
"1972M03",8.93299403353112,-40.0330379885229
"1972M04",11.6368880954116,12.6820499925743
"1972M05",8.95827751988101,9.47924466243393
"1972M06",13.6526900530573,15.4897160242397
"1972M07",15.3003325302471,26.3699758140221
"1972M08",0.937866401783793,7.6096784865106
"1972M09",3.70600609761631,17.5704725237945
"1972M10",8.81770033469778,-13.3636321066404
"1972M11",21.6905023565271,20.196538153515
"1972M12",28.1725943090496,57.6433234296318
"1973M01",-14.2149717884259,69.7593092576346
"1973M02",-13.2883945939966,-83.2159146499972
"1973M03",9.20112193224476,-35.3412164272962
"1973M04",18.2295887323026,-6.57648503363717
"1973M05",11.8930965067197,37.3318356156496
"1973M06",15.8123886706782,15.4815246857594
"1973M07",13.6954747139882,36.5135792101388
"1973M08",0.45617370240052,4.20115005804513
"1973M09",3.53822381897508,20.0382727962671
"1973M10",5.58384023371268,-5.63734203061825
"1973M11",17.6270450567159,2.25811576748294
"1973M12",29.2670568009189,46.4645538123007
"1974M01",-11.6077841125005,97.399977964939
"1974M02",-9.52109822463711,-103.564996057983
"1974M03",11.5985528769421,-27.7692262787433
"1974M04",18.3375860197227,-8.77620032521929
"1974M05",11.4293666954254,36.7272034732035
"1974M06",14.3833836051442,12.1167482630014
"1974M07",13.2964453138516,28.2742575384301
"1974M08",2.61922879617877,-10.7687372185267
"1974M09",6.08406907015322,27.3496133349599
"1974M10",8.87843984316383,-11.4950080723932
"1974M11",21.6482496582355,12.3613715494878
"1974M12",29.1464980827051,42.7067116010544
"1975M01",-17.4490644733897,97.8628612121587
"1975M02",-12.2113222357036,-117.071358961585
"1975M03",11.7795399726695,-40.4183284641342
"1975M04",11.2067133191005,7.00629635907202
"1975M05",10.7699076258292,8.52733629676727
"1975M06",22.5329152788447,8.6393461714251
"1975M07",16.6336228195856,41.4563609440819
"1975M08",0.717996956500855,14.0545871142137
"1975M09",1.22985333052483,21.3433092251842
"1975M10",5.18371952523218,-17.7323093727456
"1975M11",21.7879349774041,6.04864709570121
"1975M12",29.1609607344682,65.5241730848782
"1976M01",-16.6776768371246,97.9500588927726
"1976M02",-10.0390437502973,-117.406999836499
"1976M03",13.4185907824424,-29.8704685068747
"1976M04",21.5508456718528,17.5675216248056
"1976M05",11.099302598226,41.9072897404908
"1976M06",15.7130881930435,9.91048133447858
"1976M07",11.325486918113,24.3495328252003
"1976M08",2.06725334701545,-11.662189970304
"1976M09",4.39114675299734,18.782992173211
"1976M10",5.65265290711956,-12.9377298818436
"1976M11",21.4861075183428,23.2470716406239
"1976M12",23.3908890459958,52.366207093988
"1977M01",-14.7214221407054,51.6563269360617
"1977M02",-10.5260404599079,-82.5129354930166
"1977M03",13.9065250510456,-28.2743223339025
"1977M04",18.5325922543409,35.8842790369995
"1977M05",8.81876414679112,31.9190290331434
"1977M06",13.3266254568284,-0.139380916585985
"1977M07",17.3897198591877,2.08901578898875
"1977M08",4.34210393137811,12.32057889901
"1977M09",4.80348648624371,23.8630669058148
"1977M10",8.4936911139387,-9.08017207283898
"1977M11",22.2569464859486,15.2747767839568
"1977M12",24.9027147124544,54.8712014878085
"1978M01",-8.69433167063995,78.4723049487653
"1978M02",-10.6665269010922,-82.7141817882641
"1978M03",9.90188471304734,-42.4637512812264
"1978M04",14.5617950855815,5.19164379589956
"1978M05",13.0884741508833,15.7037486042755
"1978M06",14.5842867261262,25.4252295678436
"1978M07",15.5647718872828,25.0233994494316
"1978M08",1.83770696108105,-3.02076937365339
"1978M09",9.22433679881252,11.1640380825842
"1978M10",9.46268040165279,5.48116804719676
"1978M11",22.3780926775486,17.2753626192318
"1978M12",26.4433712659773,63.9324389649646
"1979M01",-11.047931688362,85.0736609939609
"1979M02",-14.573380973793,-114.945842476812
"1979M03",9.03786639107693,-36.2674929296777
"1979M04",17.1866075897448,-4.4266880816588
"1979M05",9.49412889634331,37.1163608296309
"1979M06",16.2833803406752,12.71236085403
"1979M07",19.6766124222574,47.2739253114469
"1979M08",5.76154747779967,-4.21112965955537
"1979M09",8.67633076120065,22.8126576562161
"1979M10",7.37438934250818,-5.04461483725631
"1979M11",15.6019290096356,6.16276624130414
"1979M12",23.842329427751,65.9918992053278
"1980M01",-8.66485866863407,94.1619467196578
"1980M02",-13.0861732804451,-125.889411138995
"1980M03",8.41702071370527,-38.1825314614535
"1980M04",12.472272632716,19.0224145517989
"1980M05",9.87763107105444,11.9699002092823
"1980M06",15.4056298901473,15.0931727760291
"1980M07",17.6239781779607,16.0774109078842
"1980M08",7.85269351205926,-2.23791193141505
"1980M09",7.32186520936402,57.0742763165452
"1980M10",7.90102843222904,-13.3988180869967
"1980M11",19.920223777461,64.8644252769376
"1980M12",26.5912675848384,92.8764356966338
"1981M01",-19.8386900205044,94.8991047546595
"1981M02",-13.8789296082603,-104.587895362114
"1981M03",6.53109604158111,-21.8354648466951
"1981M04",18.1392972804588,5.08142577059836
"1981M05",9.96407117093234,47.1854114036148
"1981M06",9.68971715273206,24.7395267037296
"1981M07",14.2598648953793,6.92642615654666
"1981M08",1.3468208674535,10.9142443210661
"1981M09",0.784948003621011,87.9759241501704
"1981M10",0.0517367747949748,-5.81771021611086
"1981M11",17.6833772975026,3.03191650651815
"1981M12",26.9351399736102,54.4468244625765
"1982M01",-12.5269943586282,54.4871564976136
"1982M02",-13.2277160217967,-88.5489766669087
"1982M03",3.89819839429748,-27.0172835366168
"1982M04",17.7036971696012,1.36140693303552
"1982M05",13.9657409637223,27.9257138912488
"1982M06",15.2053646262914,14.7660693521949
"1982M07",11.0874557482152,12.1422745875749
"1982M08",3.35700584218941,0.993598986736721
"1982M09",3.67628164638951,64.6916634982004
"1982M10",4.77516269019169,-17.6473768676345
"1982M11",17.1514144472592,18.9496801426852
"1982M12",23.5102245426642,32.3881269733871
"1983M01",-12.036551506911,26.6592559910697
"1983M02",-7.56893106843251,-83.0028982296026
"1983M03",12.4306542933908,-29.573965510674
"1983M04",17.1955066527982,16.0723393986817
"1983M05",14.0743997770997,13.870414338257
"1983M06",15.7415027510567,24.4541447020946
"1983M07",11.5075837218971,14.4368043817002
"1983M08",2.61446057100194,-8.09482817649805
"1983M09",5.73330948478485,44.8650384859445
"1983M10",6.962270731335,-17.6468639781884
"1983M11",20.23144029958,8.61172341460748
"1983M12",21.4269811970745,48.3360224573582
"1984M01",-8.62577460041543,58.0120039649064
"1984M02",-12.8299179932899,-55.4683537683303
"1984M03",8.14794320771668,-79.7575996290407
"1984M04",14.9353650790701,0.142916691647521
"1984M05",11.1156682875759,11.5908577963427
"1984M06",15.2986640201554,24.3776989947804
"1984M07",14.5277904009177,18.8514368765357
"1984M08",-1.1778423624186,28.0667204558878
"1984M09",1.82414301555482,-6.21780369869569
"1984M10",0.843069077953018,34.1643625058621
"1984M11",14.5109123784746,-1.56462237627384
"1984M12",20.0566223527915,36.3031299241658
"1985M01",-11.1722519979917,36.5269981077216
"1985M02",-11.8156284653661,19.1243960404591
"1985M03",5.4600955524684,-89.5432489242548
"1985M04",12.5847544830066,0
"1985M05",13.4905484647309,15.3313316900515
"1985M06",15.6014281174439,20.2049654452999
"1985M07",13.9307127856661,18.6886453005227
"1985M08",1.86017312564815,15.2726523736542
"1985M09",3.15123216223476,-3.6304927314994
"1985M10",4.38771294687896,34.2637431002384
"1985M11",14.7805396536256,-2.09805982960489
"1985M12",24.6360433097717,31.9103186356553
"1986M01",-12.5775211942674,65.2065578230289
"1986M02",-13.0495423581156,14.6289621066193
"1986M03",7.51879023595556,-102.36308701092
"1986M04",11.9810825858153,-10.0429001044528
"1986M05",12.6509600492326,8.91130213489859
"1986M06",13.3227713020752,17.9200491385925
"1986M07",13.5349605001615,16.0935356748304
"1986M08",1.42091689612087,22.492769069183
"1986M09",1.88995664444391,9.17375049658702
"1986M10",5.13018176696605,23.1856184946615
"1986M11",16.2321087866264,-4.71251962798487
"1986M12",24.210475998817,32.9838597979593
"1987M01",-7.43300040800996,46.1207876126194
"1987M02",-8.71686455542466,18.7826331975751
"1987M03",4.71670670276509,-89.8042050632837
"1987M04",14.0284475540948,-8.58313342917558
"1987M05",13.5042291656113,16.009069895434
"1987M06",13.3763334351091,32.3525140195793
"1987M07",10.741168387219,13.2709483145685
"1987M08",2.4489578269975,0.897117392648816
"1987M09",5.06487174944503,19.8282440408178
"1987M10",5.64717275036237,37.1413824134907
"1987M11",23.5268102755377,-5.24326521099194
"1987M12",22.7947018347006,34.1699091682443
"1988M01",-4.98226689219834,33.462612496438
"1988M02",-11.0589555658144,33.5768564558187
"1988M03",5.85365712928869,-84.1522347451457
"1988M04",15.4855871796642,-21.3595839222824
"1988M05",11.0888149466319,26.479406116127
"1988M06",15.7396433733233,-5.71772953057863
"1988M07",12.4732214203981,32.595871207792
"1988M08",-0.249215375110978,15.2297317114954
"1988M09",2.36799724522285,-5.37579395908825
"1988M10",3.9228143343518,25.8883022813478
"1988M11",16.0187007308053,-3.25286494337877
"1988M12",20.8036326675959,23.0502090253623
"1989M01",-5.45922717365102,49.0882684653681
"1989M02",-14.3711916933334,38.1067728253797
"1989M03",7.64837426128331,-103.091165744304
"1989M04",8.81107643028507,-5.69156153885153
"1989M05",8.88851189611763,12.4299975888036
"1989M06",10.7901408773909,1.21263953729507
"1989M07",9.45549297489023,28.4230481045407
"1989M08",-3.56899758839368,17.2658345816643
"1989M09",-0.838473434266618,-7.51760875588872
"1989M10",1.21896635238023,31.1566891664572
"1989M11",12.5224192924378,-9.89659893048582
"1989M12",23.9262937715008,13.9377462761468
"1990M01",-0.892594660274071,63.2062117355653
"1990M02",-9.49029677250479,35.0120489991394
"1990M03",9.99976458494771,-103.05166163027
"1990M04",15.013575766265,-6.26840742612487
"1990M05",10.8969708885674,15.3478958861042
"1990M06",15.394846345156,-6.04535283594849
"1990M07",14.2900506100293,29.8839015271485
"1990M08",6.9708281367987,11.8500536713027
"1990M09",10.3830983162375,-5.48421764783118
"1990M10",7.82381355771982,32.1207517877045
"1990M11",15.3970420841674,-10.6256228392654
"1990M12",20.4671174405924,9.33889298110682
"1991M01",6.52906346065834,3.19353187600591
"1991M02",-1.70917656093827,-10.2744271179121
"1991M03",9.51085600724078,-80.9130211899772
"1991M04",4.74191568807392,-2.63957604797582
"1991M05",5.19289339278579,-0.672005393604636
"1991M06",8.71933176546307,-1.83873716252787
"1991M07",10.9395915468639,29.8314436899357
"1991M08",1.26246345206234,17.5578968900695
"1991M09",3.28679067338911,-5.5784889377863
"1991M10",4.34949511942477,30.1754642519391
"1991M11",13.5044824110178,-14.2868954248804
"1991M12",22.0871715857825,34.6139334533737
"1992M01",-5.64604733210459,61.6413005881022
"1992M02",-6.23751110937079,-2.37099560125831
"1992M03",4.57417195425656,-86.5919755543217
"1992M04",10.6253869124242,-18.2496734509636
"1992M05",10.2400579662994,-1.81438583057272
"1992M06",8.0700168769706,22.1455125724743
"1992M07",13.651919347059,14.5538141664581
"1992M08",7.79653043681066,11.2680802906427
"1992M09",10.7629468543383,0.581395360209847
"1992M10",5.98834757118389,24.6558685574216
"1992M11",15.9439247462011,-11.977004028962
"1992M12",22.1413970949332,78.2034324938397
"1993M01",-0.780785443199861,45.3582436097575
"1993M02",-3.14280091250225,-77.4215174842997
"1993M03",7.89951817011847,-17.6016960811584
"1993M04",13.1241665095807,-14.0017392430409
"1993M05",11.3311724045126,22.5959033230779
"1993M06",15.14909188733,25.4582468644678
"1993M07",12.9220152126788,15.9204388114798
"1993M08",5.96644033740432,0.423205788198722
"1993M09",10.0141858842395,25.1983756850336
"1993M10",7.00606556876302,-4.79328823010494
"1993M11",11.9107593706037,20.510115119526
"1993M12",19.4907579768909,44.1257042414959
"1994M01",0.985955158114393,26.9650380333214
"1994M02",3.12785310713544,-56.6051318755996
"1994M03",9.75054232054759,-17.2026067369497
"1994M04",13.0103211475685,-7.13809544921773
"1994M05",11.0762582472471,15.7887215291906
"1994M06",14.6522667417962,36.1477504398112
"1994M07",14.4629952936764,24.0939125373552
"1994M08",3.24769313390583,-1.86611542382593
"1994M09",6.32009721651521,25.7272229143206
"1994M10",7.50341010242508,-1.44944225605581
"1994M11",15.3977196153942,18.8775251795016
"1994M12",15.043204594344,46.2121278689539
"1995M01",1.51533393557912,49.7502148240141
"1995M02",-8.19171375152585,-74.3686657716262
"1995M03",11.6481654796615,-33.5847237025037
"1995M04",13.5286298991996,-9.79062571456115
"1995M05",9.6278699339841,20.7954875305479
"1995M06",2.38688028941567,23.714455964366
"1995M07",5.21229066583651,19.0929287298054
"1995M08",-1.49025872216626,-9.85597981043327
"1995M09",1.7004991852339,12.8068815952874
"1995M10",1.68643030262992,-9.53455795446647
"1995M11",7.1453526396045,-0.46221146745804
"1995M12",16.0046709206085,35.8167572236631
"1996M01",-4.80286061357802,53.0090231289254
"1996M02",-14.7197508272679,-71.2555363906011
"1996M03",8.56203064612338,-16.0851973647581
"1996M04",7.22254110064604,7.79106110456702
"1996M05",5.0243237429747,-8.15390281763531
"1996M06",9.68845180139262,24.2650223779536
"1996M07",13.9828852386874,11.5507708829854
"1996M08",3.21971369136165,-19.0749165032115
"1996M09",5.73821745434309,13.8763524162496
"1996M10",3.09042719692982,-18.2111344836773
"1996M11",11.6951867298372,3.52116755392142
"1996M12",20.6133891215551,31.6145935206247
"1997M01",-3.28699935883776,33.7662961410539
"1997M02",-6.22831021268304,-73.4164152371036
"1997M03",6.40424126606938,-17.8299560169783
"1997M04",7.11841568222304,-14.3225347756177
"1997M05",7.23957799099146,-16.712370576673
"1997M06",8.09431744803106,39.2894235837804
"1997M07",11.3074076265335,6.78637947733112
"1997M08",1.58303042635808,-11.9512377746771
"1997M09",4.80727108984276,4.8013971532443
"1997M10",5.81739565898545,-22.314589211885
"1997M11",15.974741560073,9.69058706723995
"1997M12",22.2136373057502,43.3894807664771
"1998M01",-4.00837767343134,16.9829995745225
"1998M02",-5.72995734324451,-70.366110467218
"1998M03",4.85624558097619,-7.19444840243462
"1998M04",6.55376235572191,0.338734265219642
"1998M05",6.76372370714589,-9.28194572367929
"1998M06",6.26231359553167,9.04484177823228
"1998M07",11.1736716280404,-16.0279742184684
"1998M08",4.74158907910684,2.5720541976062
"1998M09",12.0040035090963,-4.08356247027566
"1998M10",8.77075399569058,6.23983577903129
"1998M11",15.1240301554253,7.09173560773628
"1998M12",18.9933590064239,29.6477175959572
"1999M01",-1.38001173055358,30.1624622927525
"1999M02",1.16147850692663,-5.86814088993499
"1999M03",9.60831842164112,-84.9686026986236
"1999M04",10.7802840243483,0.558025993140632
"1999M05",9.52043494089239,13.6601498198285
"1999M06",11.6358382243362,-33.0281649778746
"1999M07",11.6342586860632,5.37419872909801
"1999M08",5.19100647596034,-1.2353487274213
"1999M09",13.9802480299597,-11.0331740564439
"1999M10",18.826222630992,10.1500028432858
"1999M11",40.0859333906624,25.6284779270558
"1999M12",19.99335901,57.5116037433224
"2000M01",-6.00837767,85.0228277899873
"2000M02",-46.494688087515,-64.4267954662393
"2000M03",-4.34634078487015,-129.562766854059
"2000M04",2.41209104219387,9.88902975894348
"2000M05",2.83767101609875,13.7445495355402
"2000M06",5.1255777337591,-41.0921359581451
"2000M07",4.87254494889982,11.9937202567639
"2000M08",-2.66449295233215,-20.0074738476985
"2000M09",1.96421613385915,-7.62212725415559
"2000M10",2.39355144593674,-10.8128994099987
"2000M11",9.20596005173806,-16.1384993295819
"2000M12",17.7347815330258,-6.08925857059699
"2001M01",-1.18296620532803,46.1825735056282
"2001M02",-3.04904452827159,2.93353851212039
"2001M03",5.45892708498244,-66.7968392864617
"2001M04",5.94444419438105,28.2410993162259
"2001M05",7.01718906984965,1.58740180628492
"2001M06",6.07249934430705,-22.7634119455697
"2001M07",13.150096090024,17.9569717107485
"2001M08",12.4090207092209,16.8324717995445
"2001M09",12.0688200956231,-5.73491228811385
"2001M10",3.75759539891014,23.1087656559744
"2001M11",12.9516705675428,-49.5101724495891
"2001M12",20.2393672482401,28.9161474039645
"2002M01",2.70173946167773,63.0301862861547
"2002M02",3.88656504844072,-17.6320926402985
"2002M03",7.34191090606124,-75.620844650375
"2002M04",7.12021822652034,0.499751733128484
"2002M05",10.5638617608108,-4.54385550773537
"2002M06",10.4020817710808,-15.6885284218529
"2002M07",11.2202567924267,26.289711254082
"2002M08",-0.891227755545998,-0.191219823525834
"2002M09",1.30303813028547,-45.8033676853493
"2002M10",2.058745413607,-12.3012459753364
"2002M11",9.95019811124465,-17.5911758553367
"2002M12",18.572837686531,35.7193115725192
"2003M01",-1.61898572557604,93.0574871943772
"2003M02",4.57881933750386,-26.3779406944517
"2003M03",6.09091030537954,-50.5365978774821
"2003M04",6.22601500351898,-7.12168262377766
"2003M05",5.91421595866173,-8.03310737631584
"2003M06",1.98228945647472,7.16937431105276
"2003M07",4.6685088558835,33.3096521727711
"2003M08",1.32264144514593,20.7903964873662
"2003M09",3.17287929013617,-0.638407751056569
"2003M10",7.72041144857702,-16.1096548537042
"2003M11",9.83224664849516,-15.0945386482322
"2003M12",15.3686744356609,36.3393744631248
"2004M01",-5.48511001104437,65.398289938118
"2004M02",0.486078170201765,-32.7813703811488
"2004M03",0.74807467759328,-30.8976144600152
"2004M04",4.70636196134855,-5.91576861114618
"2004M05",6.60233414366722,10.5381843171264
"2004M06",9.42549528516388,9.78236079662658
"2004M07",13.4309565974341,34.3410624503097
"2004M08",0.068599615097753,-0.251064784596799
"2004M09",6.80125652246666,1.25479897306526
"2004M10",3.41051913713244,8.81818769226488
"2004M11",12.4229565160707,-7.13523329481784
"2004M12",7.57631530903282,44.2250515178838
"2005M01",-6.79922891513662,52.9596903716285
"2005M02",3.45154601767703,-65.0218352008192
"2005M03",1.4205964172902,-16.0619616980266
"2005M04",2.15800164145712,-8.75230880841915
