age,black,brthord,educ,exper,feduc,hours,iq,kww,lwage,married,meduc,sibs,south,tenure,urban,wage
31,0,2,12,11,8,40,93,35,6.645091,1,8,1,0,2,1,769
37,0,NA,18,11,14,50,119,41,6.694562,1,14,1,0,16,1,808
33,0,2,14,11,14,40,108,46,6.7153835296630863,1,14,1,0,9,1,825
32,0,3,12,13,12,40,96,32,6.476972579956055,1,12,4,0,7,1,650
34,0,6,11,14,11,40,74,27,6.331502,1,6,10,0,5,1,562
35,1,2,16,14,NA,40,116,43,7.244227,1,8,1,0,2,1,1400
30,0,2,10,13,8,40,91,24,6.39693,0,8,1,0,0,1,600
38,0,3,18,8,NA,40,114,50,6.985642,1,8,2,0,14,1,1081
36,0,3,15,13,5,45,111,37,7.05099,1,14,2,0,1,0,1154
36,0,1,12,16,11,40,95,44,6.907755,1,12,1,0,16,1,1000
38,0,1,18,8,14,43,132,44,6.8351845741271975,1,13,1,0,13,0,930
33,0,2,14,9,NA,38,102,45,6.82546,1,16,1,0,11,0,921
30,0,NA,15,4,12,45,125,40,6.802395,0,12,2,0,3,0,900
28,0,1,16,7,10,38,119,24,7.183871,1,10,3,0,2,1,1318
34,0,1,16,9,12,40,118,47,7.491087,1,12,1,0,9,1,1792
35,0,2,10,17,8,50,105,37,6.864848,1,6,1,0,2,1,958
36,0,3,15,6,10,45,109,39,7.21524,1,12,3,0,9,1,1360
38,0,3,11,19,8,40,72,36,6.745236,1,10,2,0,10,1,850
29,0,1,14,4,NA,44,105,29,6.7214255332946775,1,12,3,0,7,1,830
31,0,2,12,13,NA,44,101,34,6.154858,1,8,3,0,7,1,471
31,0,1,14,9,NA,40,123,37,7.1507015228271488,1,12,0,0,1,1,1275
36,0,1,16,10,12,50,113,49,7.38709,1,12,2,0,4,1,1615
38,0,1,12,14,10,65,95,36,6.77193546295166,1,10,5,0,3,1,873
38,0,1,16,17,12,45,145,50,7.667158,1,12,2,0,8,1,2137
32,0,1,16,12,11,38,114,35,6.959399,1,11,0,0,7,1,1053
29,0,1,16,8,16,60,124,32,7.379008,1,16,3,0,9,1,1602
35,0,1,13,16,8,40,93,40,7.080027,1,12,2,0,5,1,1188
35,0,1,18,11,8,40,115,39,6.684612,1,8,0,1,1,1,800
34,0,1,17,9,12,48,125,41,7.256297,1,13,3,0,4,1,1417
36,0,1,18,8,16,40,128,35,6.453625,0,16,2,0,13,1,635
34,0,1,12,17,NA,40,103,40,6.907755,1,8,1,0,2,1,1000
35,0,1,14,15,12,50,98,41,7.261225,1,12,1,0,4,1,1424
32,0,2,13,12,12,75,108,41,7.889084,1,12,1,1,2,1,2668
38,0,1,18,8,18,75,129,40,6.50129,1,18,2,0,12,0,666
32,0,1,17,8,14,40,132,42,7.483807,1,17,1,0,9,1,1779
31,0,3,13,9,NA,40,92,24,6.661855,1,8,3,0,10,1,782
28,1,NA,14,7,8,35,108,39,7.360104,1,12,1,0,5,1,1572
31,0,1,13,11,12,40,106,35,7.149917,1,15,0,0,12,1,1274
29,0,2,16,9,12,35,105,37,6.570883,1,13,1,0,2,1,714
36,0,1,18,11,12,40,123,46,6.985642,1,12,1,0,7,0,1081
38,0,1,12,21,7,40,108,48,6.539586,1,8,3,0,11,1,692
33,0,NA,17,10,8,38,122,47,7.183871,1,12,1,0,9,1,1318
38,0,3,12,16,NA,45,109,44,7.12206,1,12,3,0,4,1,1239
38,0,3,13,12,9,27,100,40,6.934397,1,10,3,0,15,1,1027
34,0,2,18,12,15,55,125,50,7.466227531433105,1,14,1,0,12,1,1748
35,0,2,14,9,NA,40,122,41,6.888573,0,12,3,0,15,1,981
30,0,1,17,7,12,40,105,34,6.6463904380798338,1,12,3,0,11,1,770
33,0,NA,16,11,12,50,94,37,7.05099,1,12,1,0,5,1,1154
34,0,2,12,16,NA,40,102,36,7.0518555641174313,1,12,1,0,5,1,1155
38,0,2,13,14,10,60,109,47,6.694562,1,12,2,0,12,1,808
38,0,1,12,22,12,40,105,45,7.003066,1,12,1,0,14,1,1100
37,0,1,18,10,12,40,134,46,7.05099,1,12,2,1,10,1,1154
29,0,1,12,13,9,40,108,32,7.466799,0,12,7,0,9,1,1749
30,0,1,16,11,11,50,104,36,6.907755,1,12,1,0,8,1,1000
29,0,3,12,11,NA,40,112,35,6.135565,1,12,8,0,1,1,462
32,0,1,18,8,8,55,120,49,6.645091,0,11,1,0,12,1,769
31,0,2,16,9,16,50,124,40,6.774224,0,17,2,0,3,0,875
29,0,2,12,12,10,40,103,34,7.226209,1,12,4,0,7,1,1375
30,0,1,17,1,14,45,115,45,7.280697,1,12,3,0,7,1,1452
35,0,2,12,17,8,40,96,33,6.684612,1,6,1,0,12,1,800
36,0,1,17,10,12,55,123,48,7.466227531433105,1,12,1,0,7,1,1748
29,0,4,12,12,8,40,98,34,7.0483865737915038,1,12,3,0,12,1,1151
35,0,1,12,18,8,50,96,34,6.733402,1,12,2,0,13,1,840
38,0,1,12,17,NA,45,89,47,6.8855094909667975,1,12,0,0,2,1,978
37,0,NA,12,15,7,40,109,43,6.870053,0,NA,5,0,15,0,963
28,0,NA,12,10,11,42,93,20,6.428105,0,9,8,0,10,1,619
33,0,3,12,12,9,60,82,32,6.09131,1,12,2,0,0,1,442
38,0,4,15,12,NA,40,120,45,6.39693,1,12,3,0,1,0,600
32,0,2,12,15,NA,38,122,38,7.219642,1,12,1,0,15,1,1366
33,0,2,18,8,18,48,117,48,7.404279,1,12,2,0,2,1,1643
36,0,2,16,8,8,40,109,44,7.282761,1,8,1,0,13,1,1455
38,0,NA,18,12,16,40,114,55,7.745003,1,12,2,0,7,1,2310
31,0,1,16,10,16,45,126,40,7.427739,1,12,1,0,11,1,1682
33,0,1,12,10,11,40,82,45,7.118826,1,11,1,0,2,1,1235
32,0,1,16,11,9,45,119,45,6.7511014938354488,1,12,3,0,4,1,855
35,0,2,16,6,6,42,104,37,6.97728157043457,1,12,2,0,8,1,1072
35,0,4,15,8,11,40,115,49,6.946976,1,NA,3,0,15,1,1040
36,0,2,12,17,12,50,97,45,6.907755,1,12,1,0,15,1,1000
31,0,NA,15,8,12,40,105,27,6.514713,1,14,3,0,2,0,675
30,0,2,12,14,7,37,100,32,7.003066,1,7,1,0,1,1,1100
31,0,1,12,5,10,50,114,41,6.903747,1,12,2,0,14,1,996
36,0,6,10,17,NA,40,73,28,6.59578,1,NA,5,0,5,1,732
37,0,3,11,15,8,40,96,48,7.090077,1,8,4,0,3,1,1200
29,0,1,15,9,16,30,113,30,7.434848,0,12,3,0,8,1,1694
36,0,5,10,15,10,55,106,38,6.5308775901794438,1,14,4,1,3,1,686
32,0,2,13,9,NA,40,104,37,6.6253924369812013,1,8,1,0,5,1,754
33,0,1,10,14,12,35,80,39,6.753438,1,NA,2,0,15,1,857
30,0,2,13,4,8,50,104,30,6.723833,1,12,1,0,2,1,832
30,0,1,13,8,16,44,122,36,6.361302,1,16,4,0,1,0,579
34,0,NA,12,13,13,61,96,38,6.510258,1,12,2,0,3,1,672
36,0,1,15,12,16,40,95,51,7.824046,1,16,3,0,9,1,2500
31,0,1,12,5,17,45,105,24,6.981006,0,16,1,0,8,1,1076
37,1,3,12,16,8,40,94,18,6.620073,1,8,7,0,3,1,750
33,0,1,17,8,14,30,91,41,7.0783414840698238,1,12,1,0,9,1,1186
31,0,4,16,9,14,48,96,37,6.725034,1,12,4,0,7,1,833
30,1,4,12,14,9,40,69,37,6.476972579956055,1,10,3,0,11,1,650
38,0,1,12,5,12,46,110,37,7.130899,1,NA,1,0,16,0,1250
31,0,1,15,12,12,48,111,44,7.022868,1,9,3,0,9,1,1122
31,0,1,16,1,12,40,110,35,6.76273,1,9,3,0,11,1,865
29,0,3,16,10,12,40,97,37,6.694562,1,9,3,0,7,1,808
35,0,2,18,6,8,60,125,44,7.16935,0,8,1,0,12,1,1299
36,0,4,12,6,10,40,91,39,6.805723,1,9,5,0,12,1,903
37,0,3,12,17,10,40,86,28,6.802395,1,8,5,0,15,1,900
35,0,1,12,18,8,40,110,32,6.437752,1,9,4,0,0,1,625
36,0,4,14,16,NA,40,92,47,7.36897,1,12,4,1,1,1,1586
38,0,2,10,15,12,40,85,41,6.869014,1,9,1,0,16,1,962
34,0,1,17,7,8,45,120,36,7.338888,1,8,1,0,8,1,1539
33,0,2,12,11,12,52,106,42,7.012115478515625,1,12,5,0,6,0,1110
31,0,2,16,6,12,45,112,41,7.1561765670776363,0,12,2,1,6,1,1282
38,0,2,12,13,8,48,91,39,6.6463904380798338,1,10,1,0,2,1,770
38,0,3,12,16,12,45,90,42,6.907755,1,10,6,0,0,1,1000
38,1,NA,9,17,12,40,86,39,6.7968235015869138,1,NA,2,0,16,0,895
32,1,5,10,13,NA,40,86,32,7.094235,1,8,5,0,0,1,1205
29,0,NA,12,11,12,40,113,27,6.620073,1,12,1,0,10,0,750
38,0,3,13,5,9,50,111,51,6.4831075668334963,1,12,3,0,16,1,654
33,0,1,12,15,12,48,111,30,6.398595,1,12,0,0,3,1,601
28,0,NA,13,10,7,40,106,32,6.39693,1,8,6,0,11,1,600
30,0,1,12,11,11,40,98,28,6.070738,0,12,1,0,10,1,433
30,0,1,12,11,10,40,105,28,7.080027,1,12,3,0,7,1,1188
33,0,2,12,15,NA,40,105,29,6.453625,1,10,2,0,15,0,635
32,0,1,13,9,9,40,118,44,7.110696,1,12,0,0,14,1,1225
36,0,1,12,19,8,45,90,38,7.0483865737915038,1,12,1,0,19,1,1151
32,0,1,12,15,8,40,95,34,6.76273,0,9,3,0,11,1,865
29,0,2,14,9,12,40,112,24,6.938284,1,12,4,0,5,1,1031
32,0,2,12,9,10,55,120,39,6.955593,1,12,3,0,11,1,1049
29,0,3,12,12,10,45,123,41,6.907755,1,12,3,0,1,1,1000
30,0,1,13,10,15,40,103,32,7.007601,1,16,1,0,11,1,1105
35,0,1,18,11,18,50,121,40,7.562161,1,16,3,0,7,1,1924
38,0,1,16,9,12,40,90,44,7.204893,1,12,1,0,16,1,1346
29,0,1,12,11,12,65,125,32,6.695799,1,12,0,0,10,1,809
32,0,1,18,10,8,45,109,34,7.309882,1,9,3,0,3,1,1495
33,0,1,16,10,9,50,128,46,7.204893,0,10,3,0,1,0,1346
31,0,1,12,10,12,40,97,35,7.090077,1,12,3,0,4,1,1200
33,0,4,12,6,12,40,96,35,6.214608,1,12,4,1,0,1,500
28,0,2,12,12,8,45,97,44,7.189168,1,12,1,0,5,1,1325
33,1,1,12,16,6,40,78,21,6.802395,1,7,4,0,5,1,900
34,0,4,12,15,NA,40,112,39,6.684612,1,7,6,0,3,1,800
38,0,2,12,16,5,40,88,32,6.684612,1,2,3,0,7,1,800
36,0,10,12,15,11,40,97,39,6.94119,1,14,14,0,16,1,1034
36,0,NA,12,4,9,40,101,41,6.887553,1,6,1,0,12,1,980
34,0,1,10,19,10,40,106,42,6.784457,1,7,2,0,12,1,884
34,0,1,10,11,6,40,59,28,6.173786,0,8,0,0,5,1,480
34,0,1,18,7,12,40,105,54,6.827629,1,12,1,0,14,1,923
31,0,1,17,8,8,45,119,30,6.240276,0,12,1,0,5,1,513
37,0,2,11,17,8,40,93,36,7.007601,0,8,2,0,16,1,1105
36,0,1,12,19,NA,50,82,38,7.084227,1,12,0,1,10,1,1193
34,0,3,18,6,16,50,134,45,7.926963,1,16,4,0,7,1,2771
30,0,1,12,9,12,40,84,29,6.658011,1,8,0,0,6,1,779
31,0,1,11,13,12,60,98,36,6.856462,1,12,2,0,6,1,950
30,0,1,16,11,12,40,118,41,7.2399325370788575,1,13,2,0,8,0,1394
33,0,3,17,13,8,45,113,50,7.309882,1,12,3,0,9,1,1495
28,0,2,12,4,11,40,100,18,6.476972579956055,1,9,6,0,3,1,650
29,0,NA,13,9,12,40,93,27,6.5072774887084963,1,12,2,0,5,1,670
32,0,1,16,5,10,40,119,30,7.026427,1,12,1,0,8,1,1126
33,1,1,12,11,4,64,67,19,6.109248,0,11,6,0,1,1,450
37,1,4,12,19,NA,40,111,28,6.935370445251465,1,12,3,1,12,1,1028
32,0,1,15,8,12,50,106,38,7.784889,1,12,2,0,0,1,2404
36,0,1,18,9,NA,40,127,49,7.549083,0,10,0,0,14,1,1899
33,0,1,16,10,12,40,113,35,6.629363,1,12,2,0,9,1,757
29,0,2,14,9,12,40,115,36,7.130899,1,12,2,0,1,1,1250
31,0,2,16,8,NA,48,102,40,7.057898,1,12,3,0,11,1,1162
29,1,1,15,9,12,40,85,29,6.932448,1,14,6,0,13,1,1025
32,0,1,16,11,10,50,117,51,7.003066,1,12,0,0,12,0,1100
28,0,1,16,7,10,35,125,34,6.570883,1,10,4,0,5,1,714
37,0,1,16,16,12,35,118,47,7.183871,1,8,1,0,17,0,1318
38,0,2,18,14,16,45,121,40,7.252054,1,12,3,0,3,1,1411
38,0,1,17,4,12,40,115,51,7.678789,1,12,1,0,4,1,2162
36,0,1,14,11,NA,55,120,44,7.149132,1,12,1,0,16,0,1273
35,0,2,12,16,6,48,109,43,7.0387835502624513,1,11,2,0,15,1,1140
30,0,NA,13,7,11,40,109,28,6.359574,0,12,1,0,4,1,578
38,0,5,12,7,NA,40,85,36,6.848005,1,NA,4,0,10,1,942
38,0,1,12,17,NA,40,85,50,6.964136,1,12,4,0,8,0,1058
29,0,2,14,9,10,40,106,32,6.620073,1,11,1,0,9,1,750
30,0,1,12,11,10,60,101,30,6.907755,1,10,3,0,6,1,1000
30,0,5,12,9,9,60,116,40,6.857514,1,12,4,0,7,1,951
31,0,2,12,13,7,47,91,24,6.453625,1,7,2,0,2,1,635
34,0,1,12,13,5,40,91,28,7.130899,1,11,3,0,1,1,1250
34,0,1,12,6,NA,40,110,34,6.514713,1,7,2,0,15,1,675
32,0,NA,12,11,12,40,75,33,5.9914646148681638,1,7,4,0,6,1,400
29,0,NA,12,9,8,50,94,17,6.357842445373535,1,12,2,0,8,1,577
29,0,2,13,10,12,40,109,27,6.380123,1,12,2,0,7,0,590
31,0,2,16,10,8,50,122,38,6.827629,1,8,1,0,10,0,923
32,0,2,12,6,8,50,102,26,7.130899,0,11,4,0,2,1,1250
33,0,3,14,11,10,40,122,38,7.003066,1,8,2,0,8,1,1100
37,0,2,12,18,10,50,105,38,7.029973,1,10,4,0,2,1,1130
36,0,2,12,14,9,50,113,37,6.480044,0,9,1,0,4,1,652
30,0,2,12,6,12,42,104,34,6.426488399505615,1,8,3,0,2,1,618
34,0,2,16,7,11,50,124,43,6.869014,1,9,2,0,14,1,962
32,0,1,13,14,8,40,110,31,6.2709884643554688,1,12,1,0,11,0,529
33,0,1,12,16,12,40,95,37,6.705639,1,12,2,0,14,0,817
32,0,1,16,8,NA,40,120,39,6.869014,1,18,0,0,9,0,962
38,0,1,12,19,8,40,105,39,6.733402,1,12,3,0,15,0,840
28,0,NA,16,7,12,40,121,30,6.763885,1,12,1,0,4,0,866
36,0,5,14,1,10,50,96,42,7.784889,1,8,5,0,1,1,2404
32,0,1,12,16,12,40,110,26,7.026427,1,9,6,0,2,1,1126
31,0,1,12,8,11,40,92,32,7.056175,1,12,4,0,8,0,1160
38,0,1,12,15,NA,40,98,34,6.583409,1,9,1,0,5,1,723
36,0,1,16,14,12,40,109,43,7.483244,1,11,0,0,13,1,1778
36,0,1,18,13,11,48,118,44,7.551187,1,11,0,0,5,0,1903
34,0,5,18,7,NA,40,97,42,6.9177055358886725,1,14,4,0,14,1,1010
37,0,2,17,5,8,40,95,42,6.878326416015625,1,16,1,0,11,1,971
34,0,1,12,9,8,40,99,40,6.263398,1,10,2,0,2,1,525
30,0,1,12,12,12,40,106,31,6.263398,1,10,1,0,13,0,525
30,0,2,12,10,NA,45,117,33,6.5072774887084963,1,12,5,0,3,0,670
37,0,1,12,19,6,45,90,47,6.214608,1,12,0,0,4,0,500
34,0,3,14,14,NA,45,98,45,6.964136,1,NA,2,0,15,0,1058
35,0,1,12,18,11,46,95,44,6.3099184036254888,1,12,1,0,15,1,550
32,0,2,12,14,11,45,115,43,6.214608,1,12,1,0,1,1,500
31,0,NA,15,10,12,55,106,40,6.588926,0,12,1,0,5,1,727
30,0,3,12,6,8,40,114,26,6.76273,1,8,2,0,8,0,865
30,0,4,13,8,10,40,92,34,6.985642,1,12,3,1,2,1,1081
31,0,1,17,9,12,45,119,36,7.1731915473937988,1,13,1,0,9,0,1304
30,0,2,13,6,12,40,85,32,6.35437,1,13,1,0,1,0,575
30,0,1,16,7,12,45,98,34,6.43454647064209,1,12,3,0,1,0,623
28,0,2,13,8,12,45,114,30,6.244167,1,12,3,0,10,0,515
37,0,1,18,14,12,55,84,42,7.149132,1,8,1,0,4,1,1273
33,0,1,13,13,16,40,108,42,6.897705,1,16,4,0,9,0,990
33,0,6,12,16,4,40,107,32,6.39693,1,8,5,0,6,0,600
38,0,2,12,17,12,40,84,35,7.056175,1,16,4,0,2,0,1160
29,0,5,12,11,12,55,86,22,6.214608,1,10,5,0,9,0,500
35,0,2,12,17,12,45,88,27,6.678342,1,10,2,0,18,0,795
37,0,1,11,20,NA,50,97,34,6.214608,1,NA,2,0,3,0,500
38,0,1,10,23,9,50,84,31,6.60665,1,NA,5,0,13,0,740
33,0,1,16,10,14,40,117,45,7.130899,1,12,1,0,7,1,1250
30,0,2,16,13,14,55,110,42,6.921658,0,12,1,0,9,1,1014
33,0,3,13,13,NA,32,104,32,7.130899,1,9,3,0,3,1,1250
29,0,4,14,4,NA,40,110,26,6.816736,1,9,3,0,13,1,913
30,0,NA,16,9,12,40,99,33,7.204893,1,11,2,0,8,1,1346
38,0,5,10,19,NA,40,80,31,6.0980744361877438,1,NA,5,0,0,0,445
37,0,2,12,18,NA,40,101,43,5.5797299999999994,1,NA,1,0,2,1,265
28,0,2,14,7,12,40,117,31,7.130899,1,12,1,0,1,1,1250
36,0,1,13,7,NA,56,108,41,7.382124,1,NA,2,0,9,1,1607
38,1,6,16,12,10,35,69,33,7.280697,1,10,7,0,15,1,1452
32,1,2,12,14,9,50,109,38,7.237778,1,11,1,1,8,1,1391
32,0,6,16,8,8,45,85,39,6.710523,1,8,5,0,2,1,821
29,0,2,16,9,9,40,114,36,6.6770834922790525,1,11,1,0,7,1,794
38,0,3,13,10,NA,30,90,46,6.214608,1,NA,4,0,1,0,500
29,0,1,18,6,14,50,107,30,6.253829,1,12,10,0,3,0,520
37,0,2,18,12,8,50,117,41,7.455877,1,12,1,0,12,1,1730
38,0,1,18,9,18,50,112,47,7.562161,1,16,6,0,10,1,1924
37,0,3,18,10,18,60,106,46,7.0518555641174313,1,14,3,0,2,1,1155
31,0,1,15,9,17,40,116,38,7.678789,1,12,2,0,4,1,2162
31,0,2,14,8,NA,50,123,44,6.827629,1,8,1,0,7,1,923
33,0,1,16,12,NA,40,118,40,7.01661,1,8,1,0,13,1,1115
30,0,NA,12,7,NA,36,91,20,6.107023,0,NA,1,0,2,1,449
34,0,3,12,10,7,40,103,29,7.313220500946045,1,12,2,0,11,1,1500
37,0,4,14,20,6,40,114,40,6.716595,1,8,4,0,3,1,826
35,0,2,12,16,6,40,102,36,6.842683,1,12,3,0,8,1,937
36,0,6,12,19,NA,48,104,36,6.8855094909667975,1,6,5,0,15,1,978
33,0,6,14,14,12,40,112,43,6.938284,0,14,6,0,12,1,1031
30,0,3,12,10,12,40,107,39,7.148346,1,12,4,0,1,1,1272
34,0,3,14,16,12,50,117,36,7.035269,1,12,2,1,12,1,1136
36,0,8,12,19,NA,45,110,36,6.684612,1,NA,7,0,12,1,800
33,0,1,12,8,11,38,96,42,7.199678,1,12,0,0,9,1,1339
32,1,2,12,14,12,40,90,38,6.968851,1,8,2,0,12,1,1063
29,0,2,12,10,7,44,97,27,6.840547,1,8,2,0,6,1,935
38,1,1,12,18,8,40,99,40,6.694562,1,9,0,0,13,1,808
30,0,2,10,12,5,40,99,29,5.926926,1,8,3,1,2,0,375
31,1,1,12,14,NA,40,97,32,6.285998,0,11,2,0,8,1,537
29,1,2,12,11,NA,55,95,40,6.9865665435791013,1,11,2,0,4,1,1082
31,0,NA,14,10,NA,40,126,44,6.8351845741271975,0,8,3,0,1,1,930
38,0,3,17,13,8,40,109,49,7.0518555641174313,1,12,3,0,4,0,1155
33,1,2,11,7,NA,40,86,22,6.306275,1,11,5,0,0,1,548
33,0,1,16,12,12,45,119,48,6.43294,1,12,0,0,1,1,622
29,0,1,16,10,12,40,102,38,6.7345914840698238,1,12,3,0,1,1,841
38,0,3,18,7,5,55,105,45,6.645091,0,9,2,0,15,1,769
29,0,3,17,8,NA,38,117,40,6.375025,1,12,3,0,5,0,587
38,0,1,16,17,12,45,112,40,7.562161,1,12,1,0,18,1,1924
29,0,NA,12,7,6,40,89,28,6.964136,1,8,2,0,3,1,1058
28,0,2,12,7,6,48,131,39,6.033086,0,12,1,0,1,1,417
28,0,3,16,6,16,48,114,28,7.091742,1,16,3,0,6,1,1202
37,0,NA,14,18,14,40,98,35,7.05099,1,10,1,0,2,1,1154
32,0,1,13,4,NA,40,124,41,6.975414,1,NA,0,0,9,1,1070
29,0,3,14,10,12,40,125,30,7.091742,1,12,2,0,11,1,1202
36,0,NA,18,13,16,45,100,38,6.566672,1,10,1,0,3,1,711
31,1,1,14,6,9,40,84,21,7.091742,1,11,2,0,5,1,1202
28,0,2,12,7,12,43,113,26,6.745236,1,8,1,0,3,1,850
35,0,2,16,13,12,40,102,46,6.907755,1,10,6,0,11,1,1000
31,0,NA,18,7,9,49,82,33,6.1944055557250975,0,12,2,0,8,1,490
35,0,1,14,15,10,40,112,47,6.907755,1,12,4,0,4,1,1000
31,0,5,16,11,5,40,111,38,6.76273,1,8,4,1,4,1,865
30,0,1,13,3,8,40,96,24,7.226209,1,11,3,0,3,1,1375
37,0,4,16,16,16,40,127,48,7.36897,1,16,4,0,12,1,1586
37,0,1,15,14,NA,65,97,47,7.379008,1,8,1,0,14,1,1602
36,0,2,14,12,NA,65,120,50,8.032035,1,12,1,1,13,1,3078
35,0,4,16,7,14,40,101,41,6.80017,0,16,3,0,9,1,898
37,0,1,14,16,12,40,120,40,6.809039,1,12,5,0,2,1,906
31,1,1,13,10,10,40,99,34,6.858565,1,8,1,0,10,1,952
29,1,5,13,10,9,40,78,33,6.347389,0,8,5,0,1,1,571
32,0,2,12,15,11,45,110,23,6.0980744361877438,0,5,2,0,13,1,445
30,0,3,12,9,11,40,94,35,5.6664266586303713,1,5,2,0,0,1,289
37,0,2,16,12,13,40,120,50,7.275172,1,17,1,0,15,1,1444
36,0,1,12,19,8,55,108,45,6.869014,1,8,3,0,21,1,962
33,0,3,12,17,11,40,103,31,6.980076,1,11,13,0,10,1,1075
35,0,3,11,17,NA,55,97,39,6.812345,1,NA,7,0,5,1,909
35,0,1,12,14,13,40,106,36,7.130899,1,11,4,0,19,1,1250
29,1,5,11,10,NA,40,99,22,6.4297194480896,1,NA,11,0,5,1,620
37,1,9,10,14,NA,40,72,18,6.923629,1,11,8,0,15,1,1016
37,1,1,10,21,8,40,88,29,6.684612,1,11,8,0,14,1,800
37,0,2,16,7,13,40,119,37,6.956545,0,12,2,0,18,1,1050
36,0,5,12,18,NA,50,87,33,6.98379,1,8,5,0,9,1,1079
34,0,2,17,12,12,50,121,49,6.4831075668334963,1,11,1,0,13,1,654
30,0,2,12,8,8,50,112,33,6.660575,1,12,2,0,10,1,781
36,0,1,15,8,15,48,103,36,6.945051,1,12,2,1,2,0,1038
37,0,1,16,16,18,50,99,48,7.562161,1,16,0,0,14,1,1924
37,0,2,15,15,12,40,101,40,7.091742,1,12,3,0,17,1,1202
32,0,1,15,8,NA,70,117,34,6.50129,1,NA,0,0,2,1,666
36,0,4,14,11,8,45,109,41,6.807935,1,8,3,0,14,1,905
31,0,1,12,6,12,70,73,46,6.791222,1,12,3,0,8,1,890
31,0,2,16,10,16,40,116,27,6.705639,1,16,1,1,7,0,817
29,0,2,12,10,12,40,98,42,6.6995005607604975,0,12,3,0,2,1,812
30,0,3,14,6,12,60,104,43,6.357842445373535,1,14,2,1,2,1,577
31,0,2,14,9,12,40,78,29,6.628041,1,12,2,0,2,1,756
37,0,1,12,20,NA,40,104,43,6.9186954498291013,1,NA,0,1,7,1,1011
34,0,1,12,14,12,45,85,39,7.0518555641174313,1,12,2,0,1,1,1155
29,0,4,12,12,10,40,104,25,6.932448,1,12,3,0,7,1,1025
35,0,3,12,17,NA,40,107,37,7.20786,1,NA,2,0,12,0,1350
37,0,1,12,20,10,40,109,48,6.908755,1,8,1,0,22,1,1001
37,1,1,13,16,NA,48,119,31,6.679599,1,11,7,0,15,1,796
30,0,2,13,11,11,50,96,33,7.1147694587707525,1,10,3,0,12,1,1230
30,0,NA,12,13,NA,40,93,31,6.6253924369812013,1,NA,5,0,1,1,754
37,0,3,12,17,12,40,90,32,6.570883,1,12,5,0,1,0,714
32,0,4,15,8,NA,45,103,29,6.907755,1,12,3,0,3,1,1000
33,0,1,16,12,12,40,106,41,7.633853,1,14,2,1,13,1,2067
30,0,2,16,11,12,40,96,32,6.81564,1,14,2,0,5,1,912
30,0,3,12,8,8,40,114,39,6.39693,1,8,6,1,5,1,600
31,0,4,11,13,NA,40,86,33,6.857514,1,9,3,0,1,1,951
32,0,2,16,8,12,45,110,38,6.566672,1,13,3,1,5,1,711
38,0,1,12,18,12,48,87,41,7.0483865737915038,1,12,2,0,9,1,1151
28,0,3,12,9,12,40,89,31,6.907755,1,13,2,0,5,1,1000
31,0,6,12,15,NA,44,106,40,6.7345914840698238,1,8,5,0,10,1,841
32,0,2,12,12,8,70,100,43,5.9914646148681638,1,5,3,0,3,1,400
34,0,1,12,17,4,45,111,38,7.069024,1,16,0,0,14,1,1175
37,0,1,12,18,12,40,100,40,7.091742,1,12,0,0,2,1,1202
33,0,3,12,16,10,40,114,38,7.273786544799805,1,12,2,0,17,1,1442
34,0,2,18,5,NA,55,98,45,6.2878584861755375,1,13,2,0,1,1,538
30,0,1,11,13,8,40,89,24,6.660575,1,9,3,0,10,1,781
30,0,2,10,13,9,60,74,23,6.620073,1,11,4,0,9,1,750
37,1,1,18,13,12,48,110,37,6.7345914840698238,0,12,1,0,1,1,841
38,0,2,13,14,14,50,130,29,6.55108,1,11,1,0,1,1,700
36,0,2,16,9,10,50,108,51,7.204893,1,12,1,0,4,1,1346
33,0,4,12,16,8,45,98,31,6.684612,1,10,3,0,12,0,800
30,0,1,16,9,NA,40,125,27,7.130899,1,16,3,0,10,1,1250
29,0,1,16,5,12,40,104,29,7.007601,1,12,3,0,8,1,1105
30,0,1,14,12,10,52,98,33,6.163315,0,8,6,0,1,1,475
33,0,1,15,6,12,58,104,37,6.635947,1,11,2,0,4,0,762
36,0,NA,12,18,8,40,120,33,6.869014,1,8,3,0,19,1,962
30,0,3,13,9,8,40,134,38,6.580639,0,8,3,1,9,1,721
34,0,1,9,18,8,50,92,28,6.684612,1,8,0,0,13,1,800
30,0,1,16,11,16,40,129,34,6.489205,1,13,2,0,9,1,658
36,0,1,14,4,12,40,118,42,7.146772,1,12,2,0,16,1,1270
28,0,NA,12,11,NA,40,107,37,7.18007,1,12,1,0,7,0,1313
38,0,1,12,19,11,42,92,37,6.7141704559326175,1,12,1,0,15,1,824
29,0,1,16,6,12,40,118,33,7.273786544799805,1,16,2,0,7,1,1442
31,0,1,17,7,14,42,108,38,7.244227,1,12,2,0,3,1,1400
36,0,3,12,20,8,50,119,42,6.945051,1,12,3,0,5,0,1038
29,0,3,12,11,7,43,109,29,6.504288,1,8,2,0,12,0,668
36,0,3,12,18,8,40,91,41,7.003066,1,8,2,0,10,0,1100
30,0,1,14,9,10,45,118,38,6.907755,1,12,3,0,7,1,1000
30,0,1,13,9,NA,43,119,37,6.2595815658569338,1,14,4,0,2,0,523
31,0,3,14,13,12,40,103,33,7.013016,1,14,6,0,13,0,1111
28,0,3,16,6,8,40,120,25,6.869014,1,12,4,0,4,0,962
34,0,3,18,6,6,47,122,40,6.591674,1,8,3,0,13,1,729
28,0,2,12,9,NA,40,119,35,6.536692,1,8,1,0,5,1,690
38,0,1,11,15,6,50,104,37,6.9177055358886725,1,9,6,0,7,0,1010
29,0,3,11,7,8,40,96,22,6.39693,1,8,4,1,2,1,600
34,0,3,12,16,8,40,83,36,6.390241,1,8,3,0,17,0,596
29,0,2,12,11,NA,44,115,37,6.745236,1,NA,3,0,1,1,850
29,0,3,12,9,8,40,88,27,6.5072774887084963,1,10,7,0,2,1,670
36,0,5,12,17,8,40,96,43,6.675823,1,8,4,0,18,0,793
38,0,3,17,14,6,40,123,42,7.273786544799805,1,12,2,1,7,0,1442
34,0,1,12,14,7,50,108,43,6.5072774887084963,1,11,5,1,8,1,670
29,0,1,16,10,12,45,116,35,6.775366,1,12,2,0,8,1,876
36,0,4,18,13,12,40,109,45,6.7345914840698238,1,16,3,0,2,0,841
31,0,1,13,8,12,40,97,39,6.882438,1,12,3,0,0,1,975
28,0,1,12,7,10,40,107,34,7.109062,1,12,1,0,3,0,1223
35,0,3,12,16,14,30,95,27,6.813445,1,12,2,1,5,1,910
30,0,2,15,8,12,45,109,31,6.2785215377807613,1,15,2,0,2,1,533
33,0,1,12,15,12,40,104,36,6.620073,1,12,0,0,11,0,750
38,0,1,12,16,12,40,110,37,7.095064,1,12,1,0,4,1,1206
36,0,3,13,17,8,40,94,40,6.613384,0,13,2,0,1,0,745
37,0,3,12,15,6,40,103,38,6.802395,1,8,3,1,1,0,900
32,0,4,14,9,12,47,123,45,7.064759,1,8,3,0,14,1,1170
31,0,4,12,12,12,50,113,33,6.291569,1,6,5,0,3,0,540
38,0,1,16,15,NA,40,110,35,6.3099184036254888,1,NA,2,0,1,0,550
30,0,3,14,9,12,40,100,31,6.421622,1,12,3,0,4,0,615
31,0,1,13,6,12,40,95,39,6.812345,1,12,2,0,2,1,909
36,0,2,12,18,8,40,100,34,6.645091,1,8,1,0,12,0,769
37,0,1,13,17,8,40,108,39,6.891626,1,15,4,0,18,1,984
37,0,2,12,15,NA,60,101,47,6.725034,1,12,5,0,12,1,833
35,0,2,12,17,16,70,90,43,6.778785,0,12,1,0,10,1,879
35,0,3,12,16,5,45,115,41,6.934397,1,8,4,0,7,1,1027
33,0,1,16,10,NA,55,114,41,6.907755,1,NA,0,1,1,0,1000
29,0,3,13,10,11,43,84,33,6.1420373916625975,1,11,3,0,1,1,465
38,1,6,13,21,NA,40,92,37,7.003066,1,12,6,0,12,1,1100
37,0,1,14,9,11,45,125,44,6.463029,1,12,1,0,0,1,641
38,0,2,12,21,8,48,107,42,6.942157,1,11,1,0,14,1,1035
32,0,7,14,9,9,40,129,33,7.100027,0,8,6,0,3,1,1212
30,0,4,12,11,12,40,98,40,6.856462,1,12,3,0,6,1,950
38,0,1,12,19,NA,44,108,41,6.84375,1,8,0,0,20,1,938
30,0,3,16,8,8,40,114,37,7.130899,1,2,5,0,8,1,1250
34,0,1,18,6,11,60,111,37,6.37332,1,12,3,0,10,0,586
28,0,2,12,7,12,53,101,29,6.54103,1,12,1,0,6,0,693
34,0,1,12,18,12,40,99,25,6.331502,0,12,1,0,12,0,562
30,0,1,12,12,8,60,75,24,5.926926,0,12,4,0,5,0,375
38,0,1,12,7,NA,40,91,29,6.51174545288086,1,6,0,0,11,0,673
33,0,1,17,1,10,50,113,38,6.4831075668334963,1,12,1,0,13,0,654
35,0,4,12,17,NA,50,120,34,6.539586,1,8,3,0,7,0,692
29,0,1,14,10,15,40,98,32,7.013016,1,12,3,0,1,1,1111
33,0,2,16,11,16,45,107,31,7.221105,1,16,2,1,1,1,1368
32,0,2,18,7,12,45,121,39,7.1561765670776363,1,12,2,0,13,1,1282
38,0,2,11,19,NA,60,115,40,7.130899,1,NA,1,0,4,1,1250
35,0,1,15,15,10,40,134,42,7.204893,1,12,2,0,7,1,1346
37,0,3,17,15,NA,50,96,47,7.261225,1,NA,2,0,12,1,1424
29,0,3,16,8,16,48,120,38,6.749931,0,12,2,0,5,1,854
32,0,2,15,9,10,50,105,36,6.788972,0,12,2,0,5,1,888
34,0,6,12,5,NA,50,121,40,7.057037,1,10,5,0,10,1,1161
30,0,2,16,9,9,58,113,29,6.368187,1,12,2,0,0,1,583
29,0,1,12,5,13,45,106,37,7.138867,1,12,2,0,3,1,1260
35,0,2,18,8,12,48,104,41,6.853299,1,9,3,0,13,0,947
33,0,NA,11,14,10,40,80,23,7.522941,1,10,3,0,15,1,1850
30,0,3,12,13,10,40,117,28,7.3620104789733888,1,10,3,0,2,1,1575
28,0,2,16,10,12,38,126,42,6.6306834220886225,0,12,2,0,8,1,758
36,0,2,12,19,8,40,112,42,7.273786544799805,1,10,3,0,15,1,1442
38,0,2,13,20,NA,55,104,47,6.192362,1,NA,2,1,4,1,489
31,1,5,12,5,10,40,116,33,7.026427,1,9,9,0,0,1,1126
32,1,NA,12,12,8,40,70,18,6.907755,0,8,6,0,5,1,1000
32,0,1,12,13,6,70,83,20,6.214608,1,6,5,0,11,1,500
32,0,2,12,13,6,50,84,13,7.090077,1,6,5,0,9,1,1200
33,0,4,10,15,NA,45,82,30,6.336826,1,NA,4,0,3,0,565
31,0,1,12,13,8,40,109,32,7.5600805282592775,1,12,0,0,2,0,1920
29,0,1,14,7,12,45,111,25,6.527958,1,12,4,0,7,1,684
37,0,1,12,20,7,40,94,33,6.651572,1,12,1,0,4,0,774
30,0,NA,16,7,8,60,96,32,5.4510383605957031,1,12,3,0,4,0,233
30,0,3,13,12,13,40,101,33,6.882438,1,12,3,0,10,0,975
30,0,3,12,13,12,40,90,35,7.219642,1,12,3,0,1,1,1366
37,0,3,16,16,12,40,120,48,7.667158,1,12,3,1,3,1,2137
29,0,1,16,10,12,40,120,38,6.55108,1,12,1,1,1,1,700
33,0,2,12,16,NA,40,108,29,7.090077,1,8,3,0,11,1,1200
36,0,1,13,16,8,40,99,43,7.057037,1,12,0,0,18,1,1161
34,0,1,11,16,6,60,80,31,6.591674,1,12,6,0,15,1,729
36,0,2,11,17,5,45,93,45,6.620073,1,10,1,0,2,1,750
38,0,2,12,4,NA,45,85,46,6.933423,1,NA,1,0,16,1,1026
32,0,1,15,11,10,45,118,43,7.013016,1,11,3,0,3,1,1111
31,0,3,12,12,NA,50,115,31,6.437752,1,12,2,0,8,1,625
30,0,1,16,11,11,42,119,28,7.090077,1,10,5,0,5,1,1200
32,0,3,12,8,11,40,94,39,7.340187,1,12,8,0,1,1,1541
34,0,1,16,12,16,40,109,42,7.05099,1,13,0,0,9,1,1154
33,0,1,13,10,8,40,104,37,5.736572,0,14,2,0,0,0,310
30,0,2,12,14,6,50,89,21,6.413459,1,7,1,0,4,0,610
36,0,2,12,16,8,43,101,28,7.466799,1,12,2,0,17,0,1749
31,0,2,16,9,7,40,96,34,6.907755,0,12,4,1,1,1,1000
36,0,1,12,14,7,40,109,48,5.857933,1,9,1,0,1,0,350
37,0,6,12,17,6,45,94,38,6.639876,1,4,10,0,18,0,765
34,0,5,12,15,5,40,115,34,6.672033,1,6,6,0,2,0,790
38,0,1,12,16,4,47,92,41,6.7068624496459963,1,8,12,0,17,0,818
30,0,2,9,12,5,60,71,32,6.167517,1,11,4,0,1,0,477
33,0,1,14,15,11,50,130,39,6.84375,1,12,3,0,1,0,938
32,0,1,16,10,12,55,119,38,7.649216,1,12,0,0,4,1,2099
32,0,2,12,14,13,40,74,24,5.857933,1,10,4,0,3,1,350
32,1,2,12,13,8,48,104,25,6.84588,1,12,7,0,0,1,940
28,0,2,15,11,NA,40,124,23,7.091742,1,10,2,0,8,1,1202
31,0,1,15,9,NA,40,94,29,6.109248,1,12,1,0,4,0,450
37,0,4,16,16,4,40,120,44,6.964136,1,12,5,0,13,0,1058
37,0,5,11,15,9,40,96,40,6.907755,1,8,5,0,15,1,1000
36,1,NA,12,16,5,40,67,35,5.7620515823364263,1,7,6,1,5,1,318
34,1,NA,11,13,8,40,69,26,6.320768,0,8,3,0,9,1,556
28,0,1,12,11,11,60,98,42,6.864848,1,12,0,0,9,1,958
38,1,3,9,22,4,40,92,23,6.902743,1,7,7,0,13,1,995
33,0,NA,14,16,10,50,109,44,7.377759,1,9,2,0,5,0,1600
30,0,NA,18,6,12,45,100,39,6.40688,0,12,1,0,5,0,606
30,0,2,12,13,12,45,101,25,6.2363696098327638,1,11,4,0,1,1,511
32,0,1,16,11,9,45,111,40,7.252054,1,12,1,1,12,1,1411
37,0,1,16,15,14,40,106,38,7.204893,1,8,1,0,11,1,1346
37,0,2,12,15,10,46,102,37,7.327781,1,12,3,0,16,0,1522
30,0,1,14,9,10,40,115,28,6.980076,1,12,2,0,10,0,1075
28,0,4,12,11,8,50,99,37,7.090077,1,10,5,0,11,1,1200
36,0,2,16,15,10,37,118,48,7.227662563323975,1,11,2,0,1,1,1377
33,0,1,13,8,16,55,132,37,6.77308,1,13,2,0,2,0,874
30,0,NA,13,11,16,40,108,26,6.437752,1,12,3,0,9,1,625
33,0,1,12,17,10,32,98,40,7.130899,1,14,0,0,2,1,1250
36,0,2,13,20,11,40,111,44,6.9865665435791013,1,8,4,0,12,1,1082
38,0,2,11,18,8,40,79,36,6.54103,1,8,3,0,3,0,693
31,0,1,12,11,11,55,97,29,6.588926,1,12,3,0,11,0,727
38,0,3,15,16,14,50,99,49,6.421622,1,12,2,0,15,0,615
31,0,3,16,5,NA,40,101,33,6.816736,1,12,2,0,7,1,913
36,0,1,17,4,18,46,120,45,6.784457,1,12,2,0,10,0,884
29,0,3,12,10,8,43,97,33,6.548219,1,8,2,0,4,1,698
36,0,3,12,17,12,55,106,34,6.684612,1,8,3,0,18,0,800
30,0,1,16,9,12,40,131,44,6.6995005607604975,0,12,1,0,3,0,812
34,0,NA,11,16,8,40,93,32,6.907755,1,12,1,0,14,1,1000
32,0,2,12,11,8,49,79,23,6.308098,0,8,4,0,3,0,549
31,0,2,12,13,NA,35,100,38,7.17012,1,11,4,0,15,1,1300
33,0,4,16,9,8,50,107,30,6.827629,1,9,6,0,8,1,923
32,0,1,12,15,10,40,112,42,7.338888,1,NA,3,0,15,0,1539
30,0,2,12,11,10,40,105,22,6.580639,1,12,3,0,9,0,721
31,0,1,12,15,10,40,114,25,6.703188,1,12,2,0,14,0,815
38,0,10,12,20,NA,80,116,36,6.39693,1,8,10,0,2,0,600
37,0,3,12,18,13,40,104,41,7.003066,1,11,2,0,7,1,1100
35,0,1,12,18,12,40,85,48,6.964136,1,9,2,0,19,1,1058
30,0,2,12,15,12,40,93,46,6.869014,1,9,2,0,1,1,962
37,0,2,12,5,7,50,100,40,6.070738,1,8,2,0,9,0,433
29,0,3,11,9,NA,40,71,20,6.84588,1,NA,2,0,2,0,940
32,0,1,16,9,12,38,88,36,7.256297,0,12,2,0,10,1,1417
29,0,1,12,11,8,65,93,32,6.907755,1,12,7,0,9,1,1000
32,0,4,13,14,8,40,98,26,6.214608,1,12,3,0,5,0,500
28,0,4,14,8,10,50,110,35,6.684612,1,12,3,0,5,1,800
35,0,3,12,17,6,40,109,31,6.641182,1,NA,4,0,18,0,766
33,0,1,14,12,12,43,94,38,6.620073,1,11,1,0,10,0,750
37,0,3,12,15,8,40,77,36,6.3099184036254888,1,8,6,0,2,0,550
34,0,1,11,16,NA,52,89,35,6.678342,1,NA,6,0,4,1,795
30,0,6,12,12,6,40,102,44,6.583409,1,12,10,0,10,1,723
34,0,2,14,12,14,40,113,49,6.946014,1,16,1,0,8,1,1039
32,0,2,10,11,5,55,103,38,5.2983174324035644,1,12,3,1,15,1,200
32,1,3,10,12,NA,40,90,36,5.9914646148681638,1,8,5,0,1,1,400
35,0,1,11,17,7,40,96,31,6.35437,1,12,2,1,1,1,575
37,0,1,11,16,6,40,97,35,6.745236,1,12,1,1,5,1,850
32,1,1,12,16,NA,50,87,35,6.2304816246032713,1,10,2,1,1,1,508
37,0,3,12,11,NA,45,89,39,7.057898,1,15,3,1,4,1,1162
30,1,1,13,13,NA,43,70,28,7.089243,1,8,3,1,5,1,1199
31,0,4,16,8,17,40,104,34,7.146772,1,16,3,1,4,1,1270
33,0,2,16,5,12,45,116,36,5.857933,1,11,2,1,3,1,350
28,1,1,14,9,NA,40,85,32,6.870053,1,7,5,1,9,1,963
37,0,4,15,14,12,45,104,47,7.288244,1,12,3,1,11,1,1463
29,1,6,12,13,12,40,99,26,6.687108516693115,1,9,8,1,12,1,802
30,1,2,12,12,6,45,93,18,6.464588,1,6,1,1,7,1,642
28,0,2,13,9,10,40,114,37,6.621405601501465,1,12,2,1,2,1,751
31,0,NA,17,5,16,40,103,40,6.190315,1,12,1,1,3,1,488
36,0,1,12,15,2,40,92,34,7.244227,1,6,2,1,5,1,1400
31,0,2,18,10,12,45,98,41,6.84588,1,8,2,1,7,1,940
37,0,1,13,15,NA,40,114,48,6.763885,1,12,3,1,16,1,866
38,1,2,12,20,6,40,77,42,6.514713,1,12,5,1,4,1,675
30,1,1,14,9,NA,40,89,24,5.926926,1,13,3,1,3,1,375
33,1,NA,14,10,NA,40,93,44,5.783825397491455,1,16,1,1,1,1,325
38,0,NA,12,16,5,40,110,37,5.846439,1,12,2,1,17,1,346
33,0,1,17,8,12,40,132,39,7.273786544799805,1,8,3,1,1,1,1442
32,0,1,16,13,2,49,112,37,6.327937,1,8,3,1,2,0,560
36,0,2,12,17,12,56,99,42,6.3099184036254888,1,12,1,1,11,1,550
32,1,2,16,8,NA,44,96,26,6.856462,1,10,1,1,10,1,950
38,0,1,13,16,14,45,106,45,6.527958,1,12,1,1,2,1,684
33,0,1,16,7,NA,40,128,43,7.186901,1,18,0,1,1,1,1322
38,0,3,12,18,3,40,95,48,7.398786,1,NA,3,1,3,1,1634
30,0,4,12,8,7,40,80,30,6.033086,0,8,3,1,0,1,417
32,0,6,11,9,6,45,71,24,6.156979,1,6,13,1,0,1,472
34,1,1,12,16,NA,50,89,28,6.50129,1,9,6,1,1,1,666
32,0,2,18,10,16,55,127,45,7.425954,1,12,1,1,3,1,1679
31,0,5,16,1,8,40,114,43,6.946014,0,8,6,1,9,1,1039
30,0,6,13,13,NA,40,102,30,7.130899,1,7,5,1,11,1,1250
31,0,1,12,12,7,40,88,34,6.6333184242248538,1,12,2,1,15,1,760
29,0,2,12,14,7,42,88,32,7.05099,1,12,2,1,12,1,1154
37,0,1,15,14,12,60,110,45,7.379008,1,14,5,0,1,1,1602
29,1,2,13,13,9,40,110,40,7.273786544799805,1,7,1,1,13,1,1442
30,0,2,16,5,12,40,130,39,6.76273,1,8,4,0,3,1,865
36,0,2,12,15,NA,50,100,44,6.558198,1,NA,1,1,12,1,705
35,0,1,12,16,NA,40,101,36,6.907755,1,12,1,1,1,1,1000
32,0,7,10,13,NA,44,89,36,6.747587,1,9,6,1,9,1,852
35,0,2,12,16,12,40,80,25,6.6463904380798338,1,12,1,0,14,1,770
34,0,4,12,16,12,40,72,20,6.907755,1,12,3,0,9,1,1000
36,0,1,18,10,12,55,115,56,7.192182,1,12,1,0,5,1,1329
37,0,2,16,10,17,40,115,48,7.427739,1,12,1,1,4,1,1682
31,1,2,16,4,8,55,108,47,6.357842445373535,1,8,2,1,0,1,577
38,0,6,12,17,3,40,93,27,6.529419,0,8,6,1,7,1,685
29,1,1,16,8,18,40,111,37,6.357842445373535,0,18,1,1,8,1,577
38,1,1,12,19,12,40,101,38,6.946976,1,11,6,1,9,1,1040
32,0,1,16,10,10,40,92,42,7.130899,0,12,1,1,11,1,1250
28,0,5,13,7,NA,40,115,40,6.39693,0,5,4,1,7,1,600
35,1,5,12,17,10,40,76,29,6.173786,0,11,8,1,3,1,480
29,0,3,11,11,12,40,93,26,6.907755,1,12,5,1,0,1,1000
36,0,2,12,15,8,48,91,39,6.895683,1,8,1,1,15,1,988
34,0,1,10,19,9,45,90,35,6.1696105003356937,1,9,2,1,10,1,478
30,1,3,12,11,4,40,84,23,6.086775,1,9,5,1,2,1,440
30,1,6,12,11,NA,40,120,43,6.184149,1,NA,6,1,1,1,485
36,1,1,9,19,NA,40,89,32,6.558198,1,NA,0,1,0,1,705
34,0,4,12,16,10,40,104,47,7.34601,1,9,8,1,1,0,1550
29,1,2,12,11,9,40,107,23,6.866933,1,6,11,1,9,1,960
32,0,3,12,16,12,40,100,42,6.907755,1,12,2,1,14,1,1000
36,0,1,18,4,15,40,129,40,6.437752,1,15,3,1,5,0,625
35,0,1,16,14,16,40,112,39,7.204893,1,12,0,0,14,1,1346
31,1,5,12,13,8,40,76,17,6.867974,0,NA,13,0,13,1,961
38,0,4,12,15,NA,40,97,45,6.1717004776000975,1,NA,3,1,1,0,479
36,0,5,11,17,2,50,98,38,7.09091,1,11,4,1,16,0,1201
31,0,3,16,8,NA,45,60,34,7.204893,1,NA,2,1,2,1,1346
32,0,3,18,13,7,35,132,45,7.022868,1,12,2,1,8,1,1122
38,1,2,14,5,NA,45,90,31,6.297109,1,6,1,1,7,1,543
31,1,2,11,12,NA,40,63,26,6.109248,1,7,7,1,4,1,450
32,0,2,14,10,16,55,110,36,6.228511,1,13,2,1,4,1,507
34,0,5,11,17,NA,60,88,38,6.30444860458374,1,NA,4,1,5,1,547
35,0,2,11,18,6,56,98,41,6.37332,1,NA,2,1,16,1,586
29,1,NA,12,6,3,55,61,24,6.135565,1,8,9,1,4,0,462
37,1,NA,12,13,NA,40,76,32,6.558198,1,NA,5,0,8,1,705
29,0,2,12,7,NA,40,127,44,7.35628,1,11,3,0,1,1,1566
36,0,2,13,18,8,40,94,39,7.398786,1,8,2,1,18,1,1634
32,0,3,16,4,16,45,97,48,7.1561765670776363,1,16,11,0,1,1,1282
31,1,1,16,6,12,40,127,44,6.320768,1,12,2,1,2,1,556
33,0,1,15,7,12,40,109,42,7.090077,1,11,2,0,8,1,1200
31,0,3,12,6,3,45,89,21,6.7511014938354488,1,3,4,1,6,0,855
37,0,1,12,18,11,40,90,33,6.959399,1,11,1,1,7,0,1053
28,0,1,12,11,7,48,105,39,6.907755,1,12,0,1,4,0,1000
34,0,2,12,18,NA,55,100,27,6.802395,0,8,2,0,5,1,900
31,0,NA,16,10,12,45,111,40,7.379008,1,16,1,1,10,0,1602
31,0,1,17,9,13,50,125,44,6.2304816246032713,1,16,3,1,2,1,508
29,0,NA,16,6,10,60,124,20,7.313220500946045,1,12,2,1,6,0,1500
32,0,1,14,15,12,50,107,41,7.427739,1,12,0,1,9,1,1682
35,0,NA,13,13,16,40,110,45,6.620073,1,12,2,1,1,1,750
29,0,1,14,8,16,40,102,32,6.736967,1,16,1,1,7,0,843
38,0,1,12,17,NA,40,93,26,6.013715,0,NA,0,1,18,0,409
34,0,1,12,17,NA,40,81,36,6.9117474555969238,1,12,1,1,15,0,1004
30,0,2,12,13,10,40,99,36,6.476972579956055,1,12,1,1,10,0,650
37,1,1,12,17,NA,40,93,26,6.694562,1,NA,4,1,9,0,808
30,0,1,13,8,12,45,102,35,7.667158,1,12,0,1,2,0,2137
38,0,1,12,14,5,48,95,44,6.6346335411071775,1,12,1,1,21,1,761
35,0,1,16,8,8,40,98,37,6.645091,0,11,0,1,3,1,769
31,1,2,12,7,NA,40,84,28,5.843544483184815,1,NA,2,1,8,1,345
31,0,1,12,6,7,40,88,30,6.204558,1,NA,2,1,10,1,495
31,0,4,16,9,NA,38,109,41,6.89467,1,4,3,1,3,1,987
38,0,3,12,21,5,60,82,41,7.824046,1,8,3,1,1,0,2500
32,0,2,14,6,NA,45,105,22,7.0012454986572263,0,12,1,1,1,1,1098
38,0,1,12,6,8,40,95,36,7.100027,1,12,3,1,16,0,1212
28,1,2,15,8,7,40,92,33,6.357842445373535,1,10,1,1,1,1,577
30,1,3,15,10,6,59,74,26,5.966147,1,7,3,1,3,1,390
32,0,1,16,9,14,40,123,43,7.313220500946045,1,12,1,1,12,1,1500
30,0,2,12,9,12,80,86,24,6.368187,1,12,2,1,1,1,583
36,0,6,11,16,NA,40,92,22,6.1312265396118163,1,NA,5,1,1,1,460
38,0,2,12,12,NA,40,87,41,6.851185,1,8,2,1,13,1,945
31,0,2,16,9,10,60,117,39,7.273786544799805,1,12,1,1,3,1,1442
38,0,2,16,14,4,45,112,50,7.195187,1,12,1,1,8,1,1333
33,0,1,15,8,18,37,119,41,7.313220500946045,0,12,1,0,5,1,1500
34,0,1,16,7,NA,45,103,30,7.195187,1,NA,3,0,1,1,1333
36,1,NA,12,16,NA,40,74,29,6.55108,1,9,3,1,4,1,700
32,0,1,13,11,9,36,81,33,6.880384,1,6,0,1,5,1,973
32,0,1,18,10,10,40,124,48,7.678789,1,10,1,1,8,1,2162
36,0,2,12,10,8,41,89,38,6.680855,1,7,1,1,7,0,797
32,1,7,12,14,6,40,88,34,5.9914646148681638,1,7,7,1,1,1,400
32,1,2,12,15,5,40,67,31,6.922644,1,9,3,0,11,1,1015
29,0,1,16,8,16,43,106,41,7.463937,1,12,1,1,9,1,1744
32,0,1,15,14,5,40,103,30,6.44572,1,11,0,1,2,0,630
32,0,1,12,11,8,40,91,40,6.0980744361877438,1,6,0,1,4,0,445
31,0,1,16,12,12,42,101,34,6.49224,1,12,0,1,9,1,660
37,1,4,12,14,NA,40,85,30,6.658011,1,12,7,1,7,1,779
36,0,1,12,9,12,40,83,32,5.932245,0,12,1,1,1,1,377
35,1,1,12,16,NA,44,70,34,6.327937,1,8,2,1,11,1,560
32,0,2,17,7,11,60,102,54,7.022868,1,12,2,1,13,1,1122
30,0,4,12,9,7,50,94,34,6.115892,1,7,6,1,2,0,453
37,0,2,10,17,8,40,97,38,7.234177,1,12,1,1,9,1,1386
31,0,1,17,7,16,40,115,38,7.338888,1,12,2,1,9,1,1539
35,0,5,16,11,18,40,117,38,7.05099,1,17,5,1,12,1,1154
37,0,4,14,15,4,50,105,45,6.869014,1,8,3,1,2,1,962
38,0,2,16,8,NA,55,113,36,6.582025,0,8,1,1,1,1,722
37,0,3,12,9,11,40,83,37,6.173786,1,10,4,1,3,1,480
38,0,2,18,8,12,50,101,44,6.694562,1,17,3,1,9,0,808
36,0,1,13,14,12,40,113,36,7.273786544799805,1,12,2,1,8,1,1442
37,0,1,13,13,NA,50,88,31,6.99485,1,12,4,0,4,1,1091
33,1,1,12,16,NA,40,93,41,5.857933,0,12,1,1,0,1,350
36,1,1,12,18,NA,40,83,39,6.214608,1,7,0,1,11,1,500
30,0,2,16,9,14,45,113,27,6.933423,1,16,2,1,13,1,1026
33,1,2,17,11,16,40,106,43,6.357842445373535,0,13,3,1,7,1,577
30,0,2,15,5,12,60,106,38,7.195187,1,12,2,1,1,1,1333
37,0,NA,12,17,NA,55,114,36,6.818924,1,10,1,0,9,1,915
30,0,1,16,9,10,40,119,32,7.007601,0,11,5,1,10,1,1105
30,1,NA,14,5,3,40,82,26,6.813445,1,9,10,1,5,1,910
38,0,7,12,17,4,40,89,40,6.907755,1,1,7,1,8,1,1000
33,1,6,12,14,4,40,74,18,7.056175,1,3,9,1,1,1,1160
29,1,8,12,12,4,34,77,22,6.908755,1,3,9,1,3,1,1001
36,1,4,12,5,NA,40,75,25,6.569481,1,NA,7,1,12,1,713
30,0,1,13,12,12,40,97,28,6.834109,1,12,2,1,5,1,929
31,1,1,12,4,2,50,68,35,5.9914646148681638,1,6,6,1,9,1,400
33,0,3,13,9,12,40,83,51,7.123673,1,12,2,1,10,1,1241
36,0,1,12,21,NA,40,97,40,6.97073,1,12,1,1,10,1,1065
30,0,NA,12,5,12,45,98,37,5.998937,1,12,2,1,3,1,403
30,1,2,13,15,NA,45,102,30,6.84588,1,NA,2,1,12,1,940
34,1,2,10,17,3,40,81,20,6.6995005607604975,1,8,2,1,13,1,812
35,1,NA,10,13,10,20,85,27,6.55108,1,6,3,1,0,1,700
33,1,NA,10,12,NA,40,86,20,6.35437,1,NA,8,1,6,1,575
36,1,6,10,20,12,40,79,23,6.109248,1,12,7,1,5,1,450
31,0,3,12,14,6,43,84,24,6.431331,1,8,4,1,10,0,621
30,0,4,12,12,6,38,74,24,6.089045,1,8,4,1,11,0,441
33,1,1,16,6,NA,40,92,25,6.437752,1,NA,11,1,9,0,625
36,0,2,12,16,NA,45,93,32,6.58755,1,6,5,1,5,0,726
38,1,6,9,21,NA,40,69,18,6.214608,1,6,8,1,13,1,500
34,0,1,17,8,18,44,113,41,6.907755,1,17,4,1,2,1,1000
38,0,1,12,15,7,48,92,37,5.97381,1,8,1,1,16,1,393
28,0,2,12,8,12,40,127,44,6.39693,0,9,2,1,3,0,600
37,0,1,12,21,NA,50,109,44,6.869014,1,6,0,1,12,0,962
34,0,1,12,15,8,40,97,42,6.869014,1,10,5,1,4,0,962
30,0,4,11,10,10,40,66,30,6.76273,1,0,14,0,7,1,865
35,0,1,16,10,14,50,109,46,7.05099,1,16,2,1,3,1,1154
34,0,1,16,10,14,42,109,43,7.234177,1,4,1,1,11,0,1386
36,0,2,12,10,NA,40,104,36,6.59578,1,NA,1,1,7,1,732
34,0,3,13,4,8,40,85,44,6.76273,1,8,3,1,9,1,865
31,0,6,12,13,4,40,81,26,6.55108,1,8,5,1,13,0,700
37,0,NA,9,20,4,40,87,12,6.882438,1,5,3,1,10,0,975
33,0,3,13,12,12,40,78,40,7.17012,1,12,2,1,3,1,1300
31,0,1,14,12,12,40,54,37,6.802395,1,12,2,1,3,1,900
36,0,5,12,15,8,40,98,33,6.72022,1,8,4,0,15,1,829
36,0,NA,12,17,NA,40,98,34,6.907755,1,12,3,1,13,1,1000
30,0,1,16,7,12,40,105,29,6.717805,1,16,2,0,8,1,827
31,0,NA,13,5,NA,44,87,25,6.214608,1,12,7,1,2,1,500
28,0,2,13,9,12,40,117,25,7.0518555641174313,1,12,3,0,1,1,1155
29,0,NA,15,8,12,55,85,30,6.856462,0,12,2,0,3,1,950
30,0,5,13,10,NA,40,82,35,6.55108,1,8,4,0,4,1,700
32,0,1,18,7,NA,45,114,39,7.444249,1,12,1,0,6,1,1710
32,1,1,12,5,12,30,65,21,6.2785215377807613,0,11,5,0,1,1,533
34,0,1,18,10,12,48,105,48,7.6029005050659175,1,12,2,0,0,1,2004
32,0,2,14,9,7,60,92,20,6.791222,1,7,1,0,8,1,890
29,0,2,13,11,12,30,107,23,8.032035,1,12,2,0,4,1,3078
37,0,2,17,10,16,40,111,41,7.338888,1,12,3,0,13,1,1539
31,1,NA,12,1,NA,40,73,38,6.2304816246032713,1,NA,1,0,1,1,508
35,0,1,17,13,16,40,119,49,7.210818,0,16,2,0,9,0,1354
38,0,1,12,21,12,35,97,40,7.041412,1,12,5,0,8,1,1143
33,0,1,12,16,10,40,110,34,6.869014,1,10,2,0,8,1,962
38,0,1,12,19,12,44,96,32,7.130899,1,12,2,0,20,1,1250
34,1,1,12,16,8,40,67,23,6.897705,1,8,2,0,3,1,990
37,0,5,12,17,12,40,102,31,6.807935,1,12,5,0,4,0,905
38,0,5,12,18,2,55,64,22,6.8308744430541988,1,0,4,0,0,1,926
34,0,4,12,17,8,40,103,32,7.3518,1,8,3,0,10,1,1559
32,0,1,10,14,8,40,118,39,7.179308,1,12,0,0,4,1,1312
35,1,1,14,8,NA,40,118,36,6.827629,1,7,5,0,16,1,923
31,0,2,18,1,13,40,118,41,6.778785,1,13,1,0,9,1,879
38,0,1,13,14,10,25,75,37,6.684612,1,12,0,1,1,1,800
32,0,3,14,6,10,50,112,45,6.955593,1,12,3,0,10,0,1049
30,0,4,12,4,10,40,95,20,6.3099184036254888,0,12,3,0,1,0,550
34,0,1,17,4,14,40,119,38,7.0817084312438963,1,12,0,0,2,1,1190
37,0,1,14,10,12,48,94,35,6.368187,1,12,2,0,6,0,583
30,0,1,14,5,7,40,103,27,7.090077,1,6,1,0,2,1,1200
33,0,2,16,11,17,55,90,36,6.680855,1,14,5,0,5,1,797
36,0,2,18,8,12,40,128,50,7.223296,1,16,1,0,13,0,1371
38,1,NA,13,11,8,55,110,44,5.886104,0,12,4,0,1,1,360
30,0,2,12,11,12,40,84,40,7.146772,1,12,2,0,12,1,1270
36,0,2,12,16,12,40,97,38,7.513164,1,8,1,0,1,1,1832
33,0,3,12,14,7,40,102,34,6.812345,1,12,3,0,5,1,909
33,0,3,18,9,12,40,131,41,7.465083,1,12,7,0,10,1,1746
30,0,5,16,8,12,40,126,23,6.253829,1,12,7,0,1,1,520
29,0,6,16,6,12,40,107,32,6.694562,1,12,7,0,7,0,808
36,0,3,16,11,NA,45,108,45,7.667158,1,12,2,0,2,1,2137
38,1,1,15,9,8,50,92,49,6.539586,1,8,0,0,3,1,692
36,0,2,16,4,12,80,108,40,6.836259,1,12,4,0,1,1,931
34,0,2,16,11,8,45,115,46,6.6995005607604975,1,12,1,0,3,1,812
35,0,1,14,16,12,40,111,44,6.763885,1,12,1,0,14,1,866
36,0,5,12,14,12,40,115,47,7.273786544799805,1,12,7,0,9,1,1442
32,0,2,14,12,6,40,101,31,6.214608,1,11,2,0,0,0,500
37,0,1,18,12,13,50,114,48,7.232733,1,12,1,0,2,1,1384
30,0,5,18,5,12,55,116,40,6.2690963745117188,1,12,4,0,9,1,528
36,0,3,12,4,NA,40,90,41,6.781058,1,12,2,0,14,0,881
28,0,1,12,11,17,45,125,33,6.933423,1,14,3,0,11,1,1026
28,0,NA,12,11,10,40,98,26,7.100027,0,12,4,0,12,1,1212
29,0,2,15,8,NA,38,111,42,7.3901815414428713,1,10,1,0,5,0,1620
32,0,2,16,11,NA,48,109,38,7.51915,1,12,3,0,2,1,1843
37,0,2,16,12,12,60,124,36,7.379008,1,12,1,0,2,1,1602
33,0,2,13,6,14,40,121,35,6.907755,1,8,2,0,1,1,1000
30,0,4,12,7,NA,48,103,37,6.602588,1,10,4,0,4,1,737
29,0,3,12,10,12,40,96,19,7.437795,0,12,2,1,1,1,1699
33,0,2,12,11,8,40,100,40,7.437795,1,12,1,0,9,1,1699
32,0,3,14,6,12,48,104,30,6.932448,1,NA,2,0,5,1,1025
38,0,3,12,12,12,40,112,38,7.009409,1,11,5,0,5,1,1107
31,0,4,11,1,12,40,73,24,6.437752,1,12,3,0,1,1,625
29,0,2,13,1,11,50,101,39,6.579251,1,11,4,0,7,1,720
36,0,2,12,19,12,40,99,44,6.7511014938354488,1,12,1,0,10,1,855
32,0,2,12,12,12,40,95,23,7.130899,1,12,2,0,2,1,1250
38,0,2,18,4,15,40,109,40,7.029973,1,18,1,0,13,0,1130
28,0,NA,12,6,13,40,110,35,6.802395,0,13,1,0,1,1,900
38,0,1,17,6,NA,50,98,49,7.562161,1,4,1,0,7,1,1924
37,0,1,15,8,16,40,112,46,6.869014,1,12,2,0,2,1,962
38,1,NA,11,22,NA,48,64,37,7.5358304977416988,1,NA,7,0,3,1,1874
30,0,3,12,5,8,55,90,28,7.36074,1,11,4,0,3,1,1573
36,0,2,14,11,10,45,102,46,6.84588,1,12,1,0,7,1,940
30,0,2,16,8,12,40,119,39,6.802395,1,12,1,0,9,0,900
31,0,3,12,15,10,44,96,34,6.782192,1,8,6,0,13,0,882
38,0,1,18,12,12,45,118,40,7.444249,1,12,1,0,12,1,1710
37,0,2,12,19,8,45,79,39,7.138867,1,9,3,0,15,0,1260
38,0,1,12,9,8,40,96,42,6.621405601501465,1,10,1,0,7,0,751
28,0,1,11,12,11,50,80,27,7.000334,1,12,5,0,12,0,1097
33,0,6,13,11,NA,48,137,36,6.908755,1,12,5,0,11,0,1001
34,0,1,15,11,9,40,116,42,7.05099,0,12,2,0,12,0,1154
35,0,4,12,15,8,43,69,31,6.907755,1,12,4,0,16,1,1000
33,0,NA,12,16,2,40,78,36,7.130899,1,6,9,0,3,1,1250
38,0,1,12,18,8,65,99,41,6.753438,1,8,2,1,3,1,857
31,0,2,12,13,12,27,92,33,7.099202,1,16,3,0,3,1,1211
29,0,NA,16,12,12,32,113,23,6.842683,1,16,3,0,7,1,937
33,0,NA,13,7,NA,50,98,29,6.8068294525146488,1,12,5,0,1,1,904
29,0,1,15,7,18,45,115,30,6.77079,1,12,3,0,4,1,872
34,0,3,9,18,8,40,96,26,7.090077,1,NA,4,0,0,1,1200
35,0,1,17,1,8,40,117,41,7.13966,1,6,4,0,9,1,1261
35,0,1,12,14,2,40,96,38,6.856462,1,8,1,0,2,1,950
29,0,6,12,9,11,50,108,46,4.7449320000000006,1,10,5,0,3,1,115
31,0,5,17,6,12,40,92,34,6.51174545288086,1,16,5,0,4,1,673
37,0,2,15,17,16,45,95,38,6.988413,1,16,1,0,10,1,1084
34,0,1,14,13,9,40,94,40,6.964136,1,15,0,0,14,1,1058
38,0,6,12,20,8,40,115,38,6.684612,1,7,7,0,12,0,800
31,0,4,18,11,NA,40,117,36,5.9107966423034663,0,NA,3,0,1,0,369
36,0,1,16,14,NA,40,105,42,7.562161,1,12,0,0,13,0,1924
36,0,1,12,17,6,40,109,36,6.7511014938354488,1,7,3,0,15,0,855
31,0,1,12,15,12,40,87,38,6.761573,1,12,1,0,6,0,864
36,0,4,16,15,13,44,110,34,6.995766,1,13,4,0,13,1,1092
30,0,NA,16,9,12,40,110,30,6.932448,1,10,3,0,4,0,1025
31,0,2,12,11,NA,35,109,32,6.745236,1,17,2,0,2,0,850
35,0,2,12,17,12,40,85,21,6.51174545288086,1,12,2,0,10,0,673
37,0,2,14,12,12,40,105,42,6.684612,1,10,3,0,12,0,800
33,0,3,16,7,12,44,122,39,6.955593,1,10,3,0,3,0,1049
35,0,2,17,9,9,40,108,40,6.784457,1,14,3,0,11,1,884
31,0,3,16,10,8,40,122,38,6.684612,0,12,3,1,2,1,800
32,0,1,17,9,8,40,79,32,7.090077,1,8,0,0,9,1,1200
29,0,6,12,8,12,40,105,30,6.498282,1,12,7,0,10,1,664
37,0,3,12,18,NA,45,90,47,7.013016,1,NA,6,0,18,1,1111
34,0,2,16,8,NA,43,111,38,6.745236,1,NA,4,0,8,1,850
37,0,2,12,6,12,40,110,42,6.907755,1,8,5,0,12,1,1000
29,0,NA,12,8,14,40,92,32,6.774224,0,14,4,0,4,1,875
33,0,2,16,10,12,40,131,32,7.091742,1,12,3,0,2,0,1202
29,0,3,12,10,12,40,104,32,6.50129,1,12,2,0,2,0,666
37,0,1,16,15,7,40,110,39,6.827629,1,12,2,0,11,0,923
28,0,5,12,10,3,40,99,20,6.669498,1,10,4,1,10,1,788
38,0,9,10,23,6,40,86,31,6.856462,1,NA,9,1,5,1,950
37,0,4,12,9,NA,40,105,42,7.273786544799805,1,NA,3,1,16,1,1442
30,1,5,12,11,0,40,85,26,6.763885,1,6,8,1,12,0,866
34,0,7,9,17,NA,40,72,34,6.437752,1,4,10,1,5,0,625
32,0,1,12,13,7,40,86,35,6.522093,0,6,6,1,9,0,680
35,0,2,12,11,8,40,68,38,6.54103,1,12,5,1,19,0,693
38,1,9,12,16,NA,36,95,22,6.774224,0,6,8,1,2,0,875
38,0,1,17,8,13,40,116,42,7.744137,1,12,6,0,2,0,2308
32,0,3,14,10,6,45,96,45,7.086738,1,10,2,1,4,0,1196
32,1,NA,12,13,8,38,85,36,6.55108,1,2,6,1,8,1,700
29,0,2,12,8,4,40,100,32,6.580639,1,12,3,1,8,1,721
32,0,3,13,13,8,40,101,38,7.313220500946045,1,12,5,1,2,1,1500
31,1,1,15,4,9,50,97,31,6.956545,1,16,2,1,9,1,1050
29,1,1,14,6,NA,48,100,30,6.685861,1,NA,2,1,10,1,801
31,1,NA,12,7,NA,23,96,39,6.461468,0,NA,5,1,3,1,640
30,0,2,16,7,12,32,117,39,7.088409,1,12,1,1,9,1,1198
32,0,NA,12,4,13,55,93,38,5.966147,1,16,1,1,2,1,390
28,0,2,12,12,12,36,116,37,6.790097,1,9,1,1,11,1,889
36,0,1,12,19,9,38,106,42,6.981006,1,12,1,1,20,1,1076
36,0,2,12,17,12,40,98,45,7.027315,1,14,1,1,12,1,1127
37,0,1,15,1,9,50,103,36,6.620073,1,12,1,1,1,0,750
33,0,1,14,6,12,40,118,41,6.7511014938354488,1,NA,3,1,14,0,855
31,0,1,13,5,12,40,100,22,6.263398,1,10,1,1,1,0,525
29,0,2,12,11,12,54,96,39,7.006695,1,10,1,1,4,0,1104
30,1,2,12,11,9,40,67,22,6.315358,1,8,7,1,10,0,553
29,0,1,12,10,10,43,96,27,6.684612,1,10,1,1,1,0,800
31,0,1,13,8,14,50,104,42,7.232733,1,13,3,1,7,0,1384
36,0,1,17,8,12,30,106,34,6.052089,0,14,0,1,0,0,425
33,1,6,11,13,10,54,62,34,6.234411,0,2,7,1,4,1,510
31,1,2,12,13,4,32,73,31,5.913503,1,3,9,1,2,0,370
33,1,8,12,16,8,40,62,26,6.390241,1,2,9,1,14,0,596
28,1,2,12,9,10,40,76,28,5.996452,1,NA,4,0,4,1,402
31,1,1,12,12,10,40,76,26,6.035481452941895,1,9,0,1,2,0,418
36,0,1,16,13,NA,40,106,44,7.032624,1,12,1,1,10,0,1133
35,0,NA,12,18,10,40,94,24,6.5235624313354488,0,9,4,1,15,1,681
35,0,4,11,16,6,40,81,29,6.856462,1,10,3,1,5,0,950
36,0,1,10,20,6,40,87,15,6.39693,1,5,0,1,7,0,600
29,0,2,13,8,5,40,96,25,6.493754,0,NA,3,1,6,0,661
30,0,2,12,12,NA,40,75,27,6.829794,1,6,2,1,9,0,925
31,0,1,12,14,5,40,95,34,6.3099184036254888,1,5,0,1,13,0,550
30,0,4,11,13,7,40,86,19,6.40688,1,3,4,1,11,0,606
30,0,4,10,7,7,40,86,17,6.052089,1,3,4,1,1,0,425
31,0,3,14,4,18,50,104,41,5.8289456367492675,1,8,5,1,1,1,340
34,0,2,12,16,5,50,95,21,6.539586,1,7,2,1,9,1,692
29,0,2,12,11,12,40,116,37,6.35437,1,8,1,1,9,0,575
33,0,1,9,15,6,40,66,20,6.347389,1,8,5,1,10,0,571
32,0,2,16,11,5,40,101,38,6.705639,1,0,1,1,9,1,817
29,0,2,12,11,12,40,96,23,6.89467,1,12,1,1,5,0,987
35,0,5,12,16,NA,55,104,41,6.423247,1,9,4,1,18,1,616
35,0,1,16,12,10,60,105,34,6.933423,1,14,3,0,1,1,1026
29,0,2,12,4,7,40,106,34,6.694562,1,8,1,0,3,1,808
30,0,2,17,8,15,50,101,34,6.694562,1,15,1,1,0,1,808
36,0,1,12,13,12,40,96,42,6.669498,1,12,4,1,5,1,788
33,0,1,12,6,9,40,105,34,6.745236,1,12,1,0,2,1,850
38,0,NA,12,10,2,38,106,40,6.802395,1,3,7,1,19,1,900
36,0,3,12,19,8,45,102,44,7.257003,1,8,2,1,20,1,1418
37,1,3,12,21,NA,40,75,35,5.560682,1,NA,3,1,0,0,260
28,1,1,14,7,5,45,99,27,6.4952654838562013,1,5,6,1,2,0,662
38,0,1,13,4,11,55,90,46,6.331502,1,12,1,1,1,0,562
28,0,NA,12,11,12,80,104,30,6.331502,1,12,1,1,5,0,562
30,0,7,13,5,NA,70,115,37,5.8777356147766113,1,NA,6,1,2,1,357
32,0,1,16,11,10,40,118,37,6.916715,1,12,0,1,12,0,1009
36,0,1,12,17,12,40,108,40,7.273786544799805,1,9,1,1,17,1,1442
29,1,7,11,11,11,40,76,30,6.4785094261169438,1,10,7,0,2,1,651
32,1,NA,12,14,NA,40,50,28,6.620073,1,3,10,1,5,0,750
33,1,1,12,13,NA,40,55,23,6.6253924369812013,1,10,2,1,14,0,754
38,1,3,12,17,NA,40,73,23,6.55108,1,NA,8,1,9,0,700
30,1,NA,11,11,9,40,84,14,6.22059,0,9,3,0,2,1,503
32,0,2,12,14,9,40,104,37,6.842683,1,12,1,1,15,0,937
36,0,3,10,18,6,40,92,40,6.436150550842285,1,10,2,1,10,0,624
32,1,1,12,4,6,40,83,27,6.620073,1,10,7,1,10,0,750
30,1,2,14,1,6,40,98,36,6.802395,1,10,7,1,8,0,900
29,1,NA,10,12,7,40,70,25,6.291569,1,10,9,1,10,0,540
30,0,10,13,9,10,35,87,26,6.464588,1,4,10,1,3,0,642
28,0,NA,15,6,NA,50,96,38,5.9914646148681638,0,12,5,1,10,0,400
38,0,3,10,15,10,40,80,34,6.802395,1,12,3,1,14,0,900
33,0,2,16,8,10,40,104,40,6.240276,1,12,5,1,10,0,513
35,0,8,18,7,8,40,104,35,6.795706,1,9,7,1,10,0,894
32,0,2,18,7,18,60,96,24,7.1561765670776363,1,12,4,1,5,1,1282
30,0,3,12,10,18,40,89,24,6.184149,0,12,4,1,9,0,485
29,0,2,12,11,13,55,113,39,5.783825397491455,1,10,1,1,5,0,325
33,0,1,12,16,7,45,105,29,6.645091,1,7,4,1,5,0,769
31,0,8,14,6,4,40,84,39,6.426488399505615,0,7,7,1,8,1,618
35,0,7,12,16,3,48,108,36,6.946976,1,7,6,1,17,1,1040
34,0,3,12,15,3,40,104,32,6.621405601501465,1,8,4,1,4,1,751
30,0,1,12,15,7,50,106,28,5.940171,1,7,2,1,11,0,380
37,1,1,12,16,NA,24,83,45,5.7037825584411625,1,3,4,1,3,1,300
38,0,2,10,21,7,46,70,34,6.6240653991699225,1,12,4,1,7,1,753
34,0,3,16,10,12,65,104,39,6.97073,1,11,2,1,11,1,1065
30,0,2,12,13,12,40,91,42,6.975414,1,14,1,0,1,1,1070
34,0,1,18,7,18,55,112,42,7.36074,1,14,1,1,8,1,1573
30,0,1,10,14,9,40,97,27,6.476972579956055,1,12,5,1,9,0,650
32,0,2,12,15,10,45,99,40,6.55108,1,10,4,1,7,0,700
34,1,NA,12,16,NA,40,74,30,6.2025356292724613,1,NA,5,1,4,0,494
31,0,1,12,4,NA,48,100,40,6.791222,1,NA,0,1,8,0,890
31,0,1,10,15,NA,40,86,28,6.253829,1,6,0,1,12,0,520
32,0,5,12,16,9,40,90,36,6.7923445701599125,1,12,5,1,16,0,891
30,0,3,12,11,NA,50,101,43,6.345636,1,12,2,0,12,1,570
29,0,1,15,11,9,40,109,33,7.275172,1,11,2,1,1,1,1444
31,1,3,12,14,NA,48,98,26,6.175867,0,NA,4,0,2,1,481
38,0,NA,12,21,7,44,107,40,6.214608,1,12,2,1,12,0,500
36,0,2,16,15,14,40,110,48,7.295056,1,12,1,1,15,0,1473
28,0,4,13,4,12,40,120,35,6.6883544921875,1,10,3,1,1,1,803
30,0,1,16,7,12,50,97,34,6.869014,1,12,0,1,2,1,962
29,0,1,12,9,NA,44,103,37,6.907755,1,11,0,1,5,1,1000
30,0,1,16,5,12,40,114,36,6.39693,1,12,2,1,4,1,600
30,0,3,11,12,8,40,95,31,6.109248,1,8,2,1,2,0,450
30,1,3,12,6,6,60,93,32,6.444131,1,10,8,1,1,0,629
34,1,NA,12,15,NA,60,67,38,6.198479,1,8,3,1,2,0,492
32,0,1,17,7,13,40,97,28,7.353722,1,12,5,1,2,1,1562
28,0,2,14,6,16,70,97,34,5.8777356147766113,1,13,1,1,3,0,357
32,0,NA,13,14,NA,40,83,25,6.866933,1,10,4,1,13,1,960
32,0,2,16,5,12,45,104,46,6.338594,1,12,1,1,2,0,566
32,0,2,12,9,8,40,82,27,6.175867,1,12,2,1,2,0,481
35,0,2,16,8,8,40,113,45,7.273786544799805,1,8,2,1,10,1,1442
35,0,7,12,11,8,45,93,39,6.46925,1,7,7,1,3,0,645
32,1,NA,11,15,NA,40,100,23,6.669498,1,9,5,1,6,0,788
33,0,3,12,11,NA,42,101,38,6.4676985740661625,1,12,4,1,5,0,644
31,0,3,12,9,7,45,100,33,6.167517,1,7,3,1,3,0,477
34,1,4,16,10,16,60,82,30,6.498282,1,16,3,1,9,1,664
30,1,1,16,6,NA,40,79,28,6.253829,1,11,0,1,1,0,520
31,0,7,13,10,6,40,102,32,7.091742,1,8,7,1,3,1,1202
28,1,NA,12,12,NA,45,77,22,6.2878584861755375,1,7,9,1,10,0,538
28,0,1,12,12,11,44,109,25,6.77193546295166,1,NA,1,1,12,0,873
35,0,1,12,17,NA,40,107,32,6.907755,1,NA,5,1,18,0,1000
