year,fcode,employ,sales,avgsal,scrap,rework,tothrs,union,grant,d89,d88,totrain,hrsemp,lscrap,lemploy,lsales,lrework,lhrsemp,lscrap_1,grant_1,clscrap,cgrant,clemploy,clsales,lavgsal,clavgsal,cgrant_1,chrsemp,clhrsemp
1987,410032,100,47000000,35000,NA,NA,12,0,0,0,0,100,12.000000,NA,4.605170,17.66566,NA,2.564949,NA,0,NA,0,NA,NA,10.463100,NA,NA,NA,NA
1988,410032,131,43000000,37000,NA,NA,8,0,0,0,1,50,3.053435,NA,4.875197,17.57671,NA,1.399565,NA,0,NA,0,0.270027,-0.088949,10.518670,0.055570,0,-8.946565,-1.165385
1989,410032,123,49000000,39000,NA,NA,8,0,0,1,0,50,3.252033,NA,4.812184,17.70733,NA,1.447397,NA,0,NA,0,-0.063013,0.130621,10.571320,0.052644,0,0.198597,0.047832
1987,410440,12,1560000,10500,NA,NA,12,0,0,0,0,12,12.000000,NA,2.484907,14.26020,NA,2.564949,NA,0,NA,0,NA,NA,9.259130,NA,NA,NA,NA
1988,410440,13,1970000,11000,NA,NA,12,0,0,0,1,13,12.000000,NA,2.564949,14.49354,NA,2.564949,NA,0,NA,0,0.080043,0.233347,9.305651,0.046520,0,0.000000,0.000000
1989,410440,14,2350000,11500,NA,NA,10,0,0,1,0,14,10.000000,NA,2.639057,14.66993,NA,2.397895,NA,0,NA,0,0.074108,0.176382,9.350102,0.044452,0,-2.000000,-0.167054
1987,410495,20,750000,17680,NA,NA,50,0,0,0,0,15,37.500000,NA,2.995732,13.52783,NA,3.650658,NA,0,NA,0,NA,NA,9.780190,NA,NA,NA,NA
1988,410495,25,110000,18720,NA,NA,50,0,0,0,1,10,20.000000,NA,3.218876,11.60824,NA,3.044523,NA,0,NA,0,0.223144,-1.919593,9.837348,0.057159,0,-17.500000,-0.606136
1989,410495,24,950000,19760,NA,NA,50,0,0,1,0,20,41.666670,NA,3.178054,13.76422,NA,3.753418,NA,0,NA,0,-0.040822,2.155982,9.891415,0.054067,0,21.666670,0.708895
1987,410500,200,23700000,13729,NA,NA,0,0,0,0,0,0,0.000000,NA,5.298317,16.98271,NA,0.000000,NA,0,NA,0,NA,NA,9.527266,NA,NA,NA,NA
1988,410500,155,19700000,14287,NA,NA,0,0,0,0,1,0,0.000000,NA,5.043425,16.79405,NA,0.000000,NA,0,NA,0,-0.254892,-0.188667,9.567105,0.039840,0,0.000000,0.000000
1989,410500,80,26000000,15758,NA,NA,24,0,0,1,0,20,6.000000,NA,4.382027,17.07330,NA,1.945910,NA,0,NA,0,-0.661398,0.279253,9.665104,0.097999,0,6.000000,1.945910
1987,410501,NA,6000000,NA,NA,NA,0,0,0,0,0,10,NA,NA,NA,15.60727,NA,NA,NA,0,NA,0,NA,NA,NA,NA,NA,NA,NA
1988,410501,NA,8000000,NA,NA,NA,0,0,0,0,1,20,NA,NA,NA,15.89495,NA,NA,NA,0,NA,0,NA,0.287682,NA,NA,0,NA,NA
1989,410501,NA,10000000,NA,NA,NA,0,0,0,1,0,25,NA,NA,NA,16.11810,NA,NA,NA,0,NA,0,NA,0.223144,NA,NA,0,NA,NA
1987,410509,NA,NA,NA,NA,NA,0,0,0,0,0,0,NA,NA,NA,NA,NA,NA,NA,0,NA,0,NA,NA,NA,NA,NA,NA,NA
1988,410509,NA,2800000,18000,NA,NA,0,0,0,0,1,0,NA,NA,NA,14.84513,NA,NA,NA,0,NA,0,NA,NA,9.798127,NA,0,NA,NA
1989,410509,20,3400000,18500,NA,NA,0,0,0,1,0,0,0.000000,NA,2.995732,15.03929,NA,0.000000,NA,0,NA,0,NA,0.194156,9.825526,0.027399,0,NA,NA
1987,410513,15,1413900,18465,NA,NA,0,0,0,0,0,0,0.000000,NA,2.708050,14.16186,NA,0.000000,NA,0,NA,0,NA,NA,9.823632,NA,NA,NA,NA
1988,410513,16,1869348,18972,NA,NA,0,0,0,0,1,0,0.000000,NA,2.772589,14.44110,NA,0.000000,NA,0,NA,0,0.064538,0.279238,9.850719,0.027087,0,0.000000,0.000000
1989,410513,16,1857765,19589,NA,NA,20,0,0,1,0,16,20.000000,NA,2.772589,14.43489,NA,3.044523,NA,0,NA,0,0.000000,-0.006215,9.882724,0.032004,0,20.000000,3.044523
1987,410517,24,NA,13000,NA,NA,0,1,0,0,0,0,0.000000,NA,3.178054,NA,NA,0.000000,NA,0,NA,0,NA,NA,9.472705,NA,NA,NA,NA
1988,410517,20,NA,12168,NA,NA,0,1,0,0,1,0,0.000000,NA,2.995732,NA,NA,0.000000,NA,0,NA,0,-0.182321,NA,9.406565,-0.066140,0,0.000000,0.000000
1989,410517,18,NA,11960,NA,NA,0,1,0,1,0,0,0.000000,NA,2.890372,NA,NA,0.000000,NA,0,NA,0,-0.105360,NA,9.389323,-0.017241,0,0.000000,0.000000
1987,410518,48,2160900,14352,NA,NA,14,0,0,0,0,3,0.875000,NA,3.871201,14.58604,NA,0.628609,NA,0,NA,0,NA,NA,9.571645,NA,NA,NA,NA
1988,410518,47,2454500,16328,NA,NA,14,0,0,0,1,3,0.893617,NA,3.850147,14.71343,NA,0.638489,NA,0,NA,0,-0.021054,0.127397,9.700637,0.128992,0,0.018617,0.009880
1989,410518,66,3359800,17555,NA,NA,14,0,0,1,0,4,0.848485,NA,4.189655,15.02739,NA,0.614366,NA,0,NA,0,0.339507,0.313959,9.773094,0.072457,0,-0.045132,-0.024123
1987,410521,17,1453081,16454,NA,NA,150,0,0,0,0,5,44.117650,NA,2.833213,14.18920,NA,3.809273,NA,0,NA,0,NA,NA,9.708323,NA,NA,NA,NA
1988,410521,16,1546911,18529,NA,NA,100,0,0,0,1,3,18.750000,NA,2.772589,14.25177,NA,2.983154,NA,0,NA,0,-0.060625,0.062574,9.827092,0.118769,0,-25.367650,-0.826120
1989,410521,14,1672366,26428,NA,NA,0,0,0,1,0,0,0.000000,NA,2.639057,14.32975,NA,0.000000,NA,0,NA,0,-0.133531,0.077979,10.182180,0.355087,0,-18.750000,-2.983154
1987,410523,70,8000000,19760,0.06,NA,40,0,0,0,0,35,20.000000,-2.813411,4.248495,15.89495,NA,3.044523,NA,0,NA,0,NA,NA,9.891415,NA,NA,NA,NA
1988,410523,85,11000000,22360,0.05,NA,40,0,0,0,1,40,18.823530,-2.995732,4.442651,16.21341,NA,2.986870,-2.813411,0,-0.182321,0,0.194156,0.318454,10.015030,0.123614,0,-1.176470,-0.057653
1989,410523,98,15000000,23920,0.05,NA,60,0,0,1,0,40,24.489800,-2.995732,4.584968,16.52356,NA,3.238278,-2.995732,0,0.000000,0,0.142316,0.310156,10.082470,0.067441,0,5.666265,0.251409
1987,410529,45,1535242,20000,NA,NA,0,0,0,0,0,0,0.000000,NA,3.806663,14.24420,NA,0.000000,NA,0,NA,0,NA,NA,9.903487,NA,NA,NA,NA
1988,410529,47,3209188,22000,NA,NA,0,0,0,0,1,0,0.000000,NA,3.850147,14.98153,NA,0.000000,NA,0,NA,0,0.043485,0.737329,9.998797,0.095310,0,0.000000,0.000000
1989,410529,51,4030352,23650,NA,NA,2,0,0,1,0,2,0.078431,NA,3.931826,15.20936,NA,0.075508,NA,0,NA,0,0.081678,0.227836,10.071120,0.072321,0,0.078431,0.075508
1987,410531,200,10000000,17500,NA,5.00,0,1,0,0,0,0,0.000000,NA,5.298317,16.11810,1.609438,0.000000,NA,0,NA,0,NA,NA,9.769957,NA,NA,NA,NA
1988,410531,200,10000000,18700,NA,4.00,20,1,0,0,1,6,0.600000,NA,5.298317,16.11810,1.386294,0.470004,NA,0,NA,0,0.000000,0.000000,9.836279,0.066322,0,0.600000,0.470004
1989,410531,190,9000000,18300,NA,2.22,20,1,0,1,0,10,1.052632,NA,5.247024,16.01274,0.797507,0.719123,NA,0,NA,0,-0.051293,-0.105360,9.814656,-0.021623,0,0.452632,0.249119
1987,410533,14,1600000,11500,NA,NA,68,0,0,0,0,3,14.571430,NA,2.639057,14.28551,NA,2.745438,NA,0,NA,0,NA,NA,9.350102,NA,NA,NA,NA
1988,410533,12,900000,13000,NA,NA,75,0,0,0,1,5,31.250000,NA,2.484907,13.71015,NA,3.473518,NA,0,NA,0,-0.154151,-0.575364,9.472705,0.122603,0,16.678570,0.728081
1989,410533,16,1300000,14700,NA,NA,35,0,0,1,0,9,19.687500,NA,2.772589,14.07788,NA,3.029530,NA,0,NA,0,0.287682,0.367725,9.595603,0.122898,0,-11.562500,-0.443989
1987,410535,10,420664,4237,NA,NA,0,0,0,0,0,0,0.000000,NA,2.302585,12.94959,NA,0.000000,NA,0,NA,0,NA,NA,8.351611,NA,NA,NA,NA
1988,410535,11,544602,7484,NA,NA,0,0,0,0,1,0,0.000000,NA,2.397895,13.20781,NA,0.000000,NA,0,NA,0,0.095310,0.258221,8.920523,0.568912,0,0.000000,0.000000
1989,410535,9,495331,9548,NA,NA,0,0,0,1,0,0,0.000000,NA,2.197225,13.11298,NA,0.000000,NA,0,NA,0,-0.200671,-0.094829,9.164087,0.243565,0,0.000000,0.000000
1987,410536,15,1502502,11742,NA,NA,12,0,0,0,0,2,1.600000,NA,2.708050,14.22264,NA,0.955511,NA,0,NA,0,NA,NA,9.370928,NA,NA,NA,NA
1988,410536,16,1840912,12740,NA,NA,12,0,0,0,1,2,1.500000,NA,2.772589,14.42577,NA,0.916291,NA,0,NA,0,0.064538,0.203130,9.452502,0.081574,0,-0.100000,-0.039221
1989,410536,18,2273869,13700,NA,NA,8,0,0,1,0,3,1.333333,NA,2.890372,14.63699,NA,0.847298,NA,0,NA,0,0.117783,0.211222,9.525151,0.072649,0,-0.166667,-0.068993
1987,410538,NA,NA,19760,2.64,NA,0,1,0,0,0,0,NA,0.970779,NA,NA,NA,NA,NA,0,NA,0,NA,NA,9.891415,NA,NA,NA,NA
1988,410538,NA,6276271,20800,2.74,NA,0,1,0,0,1,0,NA,1.007958,NA,15.65229,NA,NA,0.970779,0,0.037179,0,NA,NA,9.942708,0.051293,0,NA,NA
1989,410538,60,5286605,20800,2.54,NA,30,1,0,1,0,50,25.000000,0.932164,4.094345,15.48069,NA,3.258096,1.007958,0,-0.075794,0,NA,-0.171599,9.942708,0.000000,0,NA,NA
1987,410540,50,5200000,20000,NA,NA,0,0,0,0,0,0,0.000000,NA,3.912023,15.46417,NA,0.000000,NA,0,NA,0,NA,NA,9.903487,NA,NA,NA,NA
1988,410540,50,6500000,23000,NA,NA,0,0,0,0,1,0,0.000000,NA,3.912023,15.68731,NA,0.000000,NA,0,NA,0,0.000000,0.223144,10.043250,0.139762,0,0.000000,0.000000
1989,410540,55,5600000,25000,NA,NA,0,0,0,1,0,0,0.000000,NA,4.007333,15.53828,NA,0.000000,NA,0,NA,0,0.095310,-0.149035,10.126630,0.083382,0,0.000000,0.000000
1987,410544,30,NA,19760,NA,NA,0,0,0,0,0,0,0.000000,NA,3.401197,NA,NA,0.000000,NA,0,NA,0,NA,NA,9.891415,NA,NA,NA,NA
1988,410544,32,NA,20280,NA,NA,10,0,0,0,1,4,1.250000,NA,3.465736,NA,NA,0.810930,NA,0,NA,0,0.064538,NA,9.917391,0.025976,0,1.250000,0.810930
1989,410544,34,NA,20800,NA,NA,10,0,0,1,0,6,1.764706,NA,3.526361,NA,NA,1.016934,NA,0,NA,0,0.060625,NA,9.942708,0.025317,0,0.514706,0.206004
1987,410546,153,10000000,12500,NA,NA,8,0,0,0,0,7,0.366013,NA,5.030438,16.11810,NA,0.311896,NA,0,NA,0,NA,NA,9.433484,NA,NA,NA,NA
1988,410546,134,11000000,13000,NA,NA,8,0,0,0,1,6,0.358209,NA,4.897840,16.21341,NA,0.306167,NA,0,NA,0,-0.132598,0.095310,9.472705,0.039221,0,-0.007804,-0.005729
1989,410546,146,12000000,13500,NA,NA,40,0,0,1,0,28,7.671233,NA,4.983607,16.30042,NA,2.160011,NA,0,NA,0,0.085767,0.087011,9.510445,0.037740,0,7.313024,1.853844
1987,410547,20,2300000,20000,NA,10.00,0,0,0,0,0,0,0.000000,NA,2.995732,14.64842,2.302585,0.000000,NA,0,NA,0,NA,NA,9.903487,NA,NA,NA,NA
1988,410547,23,2500000,23000,NA,10.00,0,0,0,0,1,0,0.000000,NA,3.135494,14.73180,2.302585,0.000000,NA,0,NA,0,0.139762,0.083382,10.043250,0.139762,0,0.000000,0.000000
1989,410547,25,3000000,25000,NA,10.00,48,0,0,1,0,1,1.920000,NA,3.218876,14.91412,2.302585,1.071584,NA,0,NA,0,0.083382,0.182321,10.126630,0.083382,0,1.920000,1.071584
1987,410556,NA,NA,NA,NA,NA,0,0,0,0,0,0,NA,NA,NA,NA,NA,NA,NA,0,NA,0,NA,NA,NA,NA,NA,NA,NA
1988,410556,NA,NA,NA,NA,NA,0,0,0,0,1,0,NA,NA,NA,NA,NA,NA,NA,0,NA,0,NA,NA,NA,NA,0,NA,NA
1989,410556,131,7588770,16640,NA,NA,0,0,0,1,0,0,0.000000,NA,4.875197,15.84218,NA,0.000000,NA,0,NA,0,NA,NA,9.719564,NA,0,NA,NA
1987,410560,22,725000,9000,NA,NA,0,0,0,0,0,0,0.000000,NA,3.091043,13.49393,NA,0.000000,NA,0,NA,0,NA,NA,9.104980,NA,NA,NA,NA
1988,410560,25,785000,9000,NA,NA,0,0,0,0,1,0,0.000000,NA,3.218876,13.57344,NA,0.000000,NA,0,NA,0,0.127833,0.079512,9.104980,0.000000,0,0.000000,0.000000
1989,410560,23,785000,10000,NA,NA,0,0,0,1,0,0,0.000000,NA,3.135494,13.57344,NA,0.000000,NA,0,NA,0,-0.083382,0.000000,9.210340,0.105361,0,0.000000,0.000000
1987,410561,6,501859,NA,NA,NA,0,0,0,0,0,0,0.000000,NA,1.791759,13.12607,NA,0.000000,NA,0,NA,0,NA,NA,NA,NA,NA,NA,NA
1988,410561,6,580415,NA,NA,NA,0,0,0,0,1,0,0.000000,NA,1.791759,13.27150,NA,0.000000,NA,0,NA,0,0.000000,0.145424,NA,NA,0,0.000000,0.000000
1989,410561,9,735442,NA,NA,NA,64,0,0,1,0,1,7.111111,NA,2.197225,13.50823,NA,2.093235,NA,0,NA,0,0.405465,0.236729,NA,NA,0,7.111111,2.093235
1987,410562,15,4000000,32000,NA,NA,10,0,0,0,0,2,1.333333,NA,2.708050,15.20181,NA,0.847298,NA,0,NA,0,NA,NA,10.373490,NA,NA,NA,NA
1988,410562,18,5000000,34000,NA,NA,10,0,0,0,1,2,1.111111,NA,2.890372,15.42495,NA,0.747214,NA,0,NA,0,0.182321,0.223144,10.434120,0.060624,0,-0.222222,-0.100084
1989,410562,19,7000000,38000,NA,NA,25,0,0,1,0,6,7.894737,NA,2.944439,15.76142,NA,2.185460,NA,0,NA,0,0.054067,0.336472,10.545340,0.111226,0,6.783626,1.438245
1987,410563,73,5300000,21500,6.00,NA,0,1,0,0,0,0,0.000000,1.791759,4.290460,15.48322,NA,0.000000,NA,0,NA,0,NA,NA,9.975808,NA,NA,NA,NA
1988,410563,76,5800000,22200,7.00,NA,0,1,0,0,1,0,0.000000,1.945910,4.330733,15.57337,NA,0.000000,1.791759,0,0.154151,0,0.040274,0.090151,10.007850,0.032040,0,0.000000,0.000000
1989,410563,80,6400000,23000,5.00,NA,50,1,0,1,0,8,5.000000,1.609438,4.382027,15.67181,NA,1.791759,1.945910,0,-0.336472,0,0.051293,0.098440,10.043250,0.035401,0,5.000000,1.791759
1987,410564,160,NA,20000,NA,4.30,20,0,0,0,0,15,1.875000,NA,5.075174,NA,1.458615,1.056053,NA,0,NA,0,NA,NA,9.903487,NA,NA,NA,NA
1988,410564,150,NA,21000,NA,4.10,20,0,0,0,1,20,2.666667,NA,5.010635,NA,1.410987,1.299283,NA,0,NA,0,-0.064538,NA,9.952278,0.048791,0,0.791667,0.243230
1989,410564,150,NA,22000,NA,4.00,25,0,0,1,0,35,5.833333,NA,5.010635,NA,1.386294,1.921813,NA,0,NA,0,0.000000,NA,9.998797,0.046519,0,3.166667,0.622530
1987,410565,90,NA,20620,21.00,NA,0,1,0,0,0,0,0.000000,3.044523,4.499810,NA,NA,0.000000,NA,0,NA,0,NA,NA,9.934017,NA,NA,NA,NA
1988,410565,112,21800000,20180,11.00,NA,0,1,0,0,1,0,0.000000,2.397895,4.718499,16.89650,NA,0.000000,3.044523,0,-0.646627,0,0.218689,NA,9.912447,-0.021570,0,0.000000,0.000000
1989,410565,128,25800000,21500,0.40,NA,16,1,0,1,0,128,16.000000,-0.916291,4.852030,17.06701,NA,2.833213,2.397895,0,-3.314186,0,0.133532,0.170506,9.975808,0.063361,0,16.000000,2.833213
1987,410566,14,2101581,14850,7.00,NA,8,0,0,0,0,12,6.857143,1.945910,2.639057,14.55820,NA,2.061423,NA,0,NA,0,NA,NA,9.605755,NA,NA,NA,NA
1988,410566,16,2400723,18100,5.00,NA,3,0,0,0,1,10,1.875000,1.609438,2.772589,14.69128,NA,1.056053,1.945910,0,-0.336472,0,0.133531,0.133079,9.803667,0.197912,0,-4.982143,-1.005370
1989,410566,13,2470633,20500,4.50,NA,4,0,0,1,0,10,3.076923,1.504077,2.564949,14.71999,NA,1.405343,1.609438,0,-0.105360,0,-0.207640,0.028705,9.928180,0.124513,0,1.201923,0.349290
1987,410567,40,3000000,10000,1.00,0.50,0,0,0,0,0,0,0.000000,0.000000,3.688879,14.91412,-0.693147,0.000000,NA,0,NA,0,NA,NA,9.210340,NA,NA,NA,NA
1988,410567,48,3800000,11000,0.50,0.25,0,0,0,0,1,0,0.000000,-0.693147,3.871201,15.15051,-1.386294,0.000000,0.000000,0,-0.693147,0,0.182321,0.236389,9.305651,0.095310,0,0.000000,0.000000
1989,410567,50,3100000,11500,0.28,0.13,16,0,0,1,0,50,16.000000,-1.272966,3.912023,14.94691,-2.040221,2.833213,-0.693147,0,-0.579819,0,0.040822,-0.203599,9.350102,0.044452,0,16.000000,2.833213
1987,410569,20,NA,26000,NA,NA,0,0,0,0,0,0,0.000000,NA,2.995732,NA,NA,0.000000,NA,0,NA,0,NA,NA,10.165850,NA,NA,NA,NA
1988,410569,24,NA,28000,NA,NA,0,0,0,0,1,0,0.000000,NA,3.178054,NA,NA,0.000000,NA,0,NA,0,0.182321,NA,10.239960,0.074108,0,0.000000,0.000000
1989,410569,30,NA,30000,NA,NA,0,0,0,1,0,0,0.000000,NA,3.401197,NA,NA,0.000000,NA,0,NA,0,0.223144,NA,10.308950,0.068993,0,0.000000,0.000000
1987,410571,17,755050,10400,NA,0.01,25,0,0,0,0,17,25.000000,NA,2.833213,13.53454,-4.605170,3.258096,NA,0,NA,0,NA,NA,9.249561,NA,NA,NA,NA
1988,410571,15,1102723,10400,NA,0.01,25,0,0,0,1,15,25.000000,NA,2.708050,13.91329,-4.605170,3.258096,NA,0,NA,0,-0.125163,0.378754,9.249561,0.000000,0,0.000000,0.000000
1989,410571,20,1073785,10400,NA,0.01,25,0,0,1,0,10,12.500000,NA,2.995732,13.88670,-4.605170,2.602690,NA,0,NA,0,0.287682,-0.026592,9.249561,0.000000,0,-12.500000,-0.655407
1987,410577,75,4750000,16120,1.68,1.89,3,0,0,0,0,30,1.200000,0.518794,4.317488,15.37366,0.636577,0.788457,NA,0,NA,0,NA,NA,9.687816,NA,NA,NA,NA
1988,410577,80,5100000,16432,1.57,1.76,4,0,0,0,1,35,1.750000,0.451076,4.382027,15.44475,0.565314,1.011601,0.518794,0,-0.067718,0,0.064538,0.071096,9.706985,0.019170,0,0.550000,0.223144
1989,410577,94,5500000,16640,1.64,1.82,4,0,0,1,0,35,1.489362,0.494696,4.543295,15.52026,0.598836,0.912026,0.451076,0,0.043621,0,0.161268,0.075508,9.719564,0.012579,0,-0.260638,-0.099575
1987,410586,116,11000000,23500,NA,NA,47,0,0,0,0,96,38.896550,NA,4.753590,16.21341,NA,3.686290,NA,0,NA,0,NA,NA,10.064760,NA,NA,NA,NA
1988,410586,114,11000000,24000,NA,NA,47,0,0,0,1,94,38.754390,NA,4.736198,16.21341,NA,3.682720,NA,0,NA,0,-0.017392,0.000000,10.085810,0.021053,0,-0.142166,-0.003570
1989,410586,119,11000000,24600,NA,NA,47,0,0,1,0,99,39.100840,NA,4.779123,16.21341,NA,3.691397,NA,0,NA,0,0.042925,0.000000,10.110500,0.024692,0,0.346455,0.008677
1987,410591,25,NA,12180,NA,NA,0,0,0,0,0,0,0.000000,NA,3.218876,NA,NA,0.000000,NA,0,NA,0,NA,NA,9.407551,NA,NA,NA,NA
1988,410591,33,NA,13000,NA,NA,50,0,0,0,1,1,1.515152,NA,3.496508,NA,NA,0.922333,NA,0,NA,0,0.277632,NA,9.472705,0.065154,0,1.515152,0.922333
1989,410591,37,NA,14500,NA,NA,40,0,0,1,0,2,2.162162,NA,3.610918,NA,NA,1.151256,NA,0,NA,0,0.114410,NA,9.581903,0.109199,0,0.647011,0.228923
1987,410592,20,NA,NA,30.00,40.00,NA,0,0,0,0,20,NA,3.401197,2.995732,NA,3.688879,NA,NA,0,NA,0,NA,NA,NA,NA,NA,NA,NA
1988,410592,20,NA,NA,24.00,27.00,NA,0,0,0,1,20,NA,3.178054,2.995732,NA,3.295837,NA,3.401197,0,-0.223144,0,0.000000,NA,NA,NA,0,NA,NA
1989,410592,10,NA,NA,20.00,15.00,NA,0,0,1,0,10,NA,2.995732,2.302585,NA,2.708050,NA,3.178054,0,-0.182321,0,-0.693147,NA,NA,NA,0,NA,NA
1987,410593,5,3500000,NA,1.00,NA,0,0,0,0,0,0,0.000000,0.000000,1.609438,15.06827,NA,0.000000,NA,0,NA,0,NA,NA,NA,NA,NA,NA,NA
1988,410593,5,3800000,NA,1.00,NA,0,0,0,0,1,0,0.000000,0.000000,1.609438,15.15051,NA,0.000000,0.000000,0,0.000000,0,0.000000,0.082238,NA,NA,0,0.000000,0.000000
1989,410593,5,4000000,NA,1.00,NA,0,0,0,1,0,0,0.000000,0.000000,1.609438,15.20181,NA,0.000000,0.000000,0,0.000000,0,0.000000,0.051293,NA,NA,0,0.000000,0.000000
1987,410596,8,990400,12480,10.00,NA,10,0,0,0,0,8,10.000000,2.302585,2.079442,13.80586,NA,2.397895,NA,0,NA,0,NA,NA,9.431883,NA,NA,NA,NA
1988,410596,16,1166100,13520,6.00,NA,12,0,0,0,1,16,12.000000,1.791759,2.772589,13.96918,NA,2.564949,2.302585,0,-0.510826,0,0.693147,0.163311,9.511926,0.080043,0,2.000000,0.167054
1989,410596,20,1815900,14560,4.00,NA,14,0,0,1,0,20,14.000000,1.386294,2.995732,14.41209,NA,2.708050,1.791759,0,-0.405465,0,0.223144,0.442917,9.586033,0.074107,0,2.000000,0.143101
1987,410603,10,1212478,12700,NA,NA,105,0,0,0,0,4,42.000000,NA,2.302585,14.00818,NA,3.761200,NA,0,NA,0,NA,NA,9.449357,NA,NA,NA,NA
1988,410603,14,1159622,13600,NA,NA,105,0,0,0,1,3,22.500000,NA,2.639057,13.96360,NA,3.157000,NA,0,NA,0,0.336472,-0.044572,9.517825,0.068468,0,-19.500000,-0.604200
1989,410603,17,1612170,14900,NA,NA,NA,0,0,1,0,0,NA,NA,2.833213,14.29309,NA,NA,NA,0,NA,0,0.194156,0.329487,9.609117,0.091291,0,NA,NA
1987,410604,60,NA,8320,NA,NA,0,0,0,0,0,0,0.000000,NA,4.094345,NA,NA,0.000000,NA,0,NA,0,NA,NA,9.026418,NA,NA,NA,NA
1988,410604,100,NA,8940,NA,NA,0,0,0,0,1,0,0.000000,NA,4.605170,NA,NA,0.000000,NA,0,NA,0,0.510826,NA,9.098290,0.071873,0,0.000000,0.000000
1989,410604,190,NA,10400,NA,NA,0,0,0,1,0,0,0.000000,NA,5.247024,NA,NA,0.000000,NA,0,NA,0,0.641854,NA,9.249561,0.151271,0,0.000000,0.000000
1987,410606,124,10500000,NA,0.66,NA,10,0,0,0,0,43,3.467742,-0.415515,4.820282,16.16755,NA,1.496883,NA,0,NA,0,NA,NA,NA,NA,NA,NA,NA
1988,410606,127,12200000,14538,0.34,NA,8,0,0,0,1,30,1.889764,-1.078810,4.844187,16.31472,NA,1.061175,-0.415515,0,-0.663294,0,0.023906,0.147165,9.584521,NA,0,-1.577978,-0.435708
1989,410606,128,12000000,14865,0.39,NA,28,0,0,1,0,87,19.031250,-0.941608,4.852030,16.30371,NA,2.997293,-1.078810,0,0.137201,0,0.007843,-0.011011,9.606765,0.022243,0,17.141490,1.936119
1987,410609,22,1650831,24900,NA,NA,0,0,0,0,0,0,0.000000,NA,3.091043,14.31679,NA,0.000000,NA,0,NA,0,NA,NA,10.122620,NA,NA,NA,NA
1988,410609,37,1817961,23000,NA,NA,0,0,0,0,1,0,0.000000,NA,3.610918,14.41323,NA,0.000000,NA,0,NA,0,0.519875,0.096436,10.043250,-0.079374,0,0.000000,0.000000
1989,410609,44,1642441,23200,NA,NA,0,0,0,1,0,0,0.000000,NA,3.784190,14.31169,NA,0.000000,NA,0,NA,0,0.173272,-0.101532,10.051910,0.008658,0,0.000000,0.000000
1987,410612,60,7000000,8840,NA,NA,12,0,0,0,0,60,12.000000,NA,4.094345,15.76142,NA,2.564949,NA,0,NA,0,NA,NA,9.087042,NA,NA,NA,NA
1988,410612,65,8500000,9880,NA,NA,12,0,0,0,1,65,12.000000,NA,4.174387,15.95558,NA,2.564949,NA,0,NA,0,0.080043,0.194157,9.198268,0.111226,0,0.000000,0.000000
1989,410612,70,11000000,10920,NA,NA,12,0,0,1,0,70,12.000000,NA,4.248495,16.21341,NA,2.564949,NA,0,NA,0,0.074108,0.257829,9.298351,0.100083,0,0.000000,0.000000
1987,410626,27,4600000,18000,0.87,NA,24,1,0,0,0,3,2.666667,-0.139262,3.295837,15.34157,NA,1.299283,NA,0,NA,0,NA,NA,9.798127,NA,NA,NA,NA
1988,410626,28,4900000,19000,0.82,NA,16,1,0,0,1,2,1.142857,-0.198451,3.332205,15.40475,NA,0.762140,-0.139262,0,-0.059189,0,0.036368,0.063179,9.852194,0.054067,0,-1.523810,-0.537143
1989,410626,30,5600000,21000,0.71,NA,32,1,0,1,0,6,6.400000,-0.342490,3.401197,15.53828,NA,2.001480,-0.198451,0,-0.144039,0,0.068993,0.133532,9.952278,0.100084,0,5.257143,1.239340
1987,410627,25,2900000,21830,NA,NA,NA,1,0,0,0,25,NA,NA,3.218876,14.88022,NA,NA,NA,0,NA,0,NA,NA,9.991040,NA,NA,NA,NA
1988,410627,25,2800000,22454,NA,NA,NA,1,0,0,1,25,NA,NA,3.218876,14.84513,NA,NA,NA,0,NA,0,0.000000,-0.035091,10.019220,0.028184,0,NA,NA
1989,410627,25,2900000,23078,NA,NA,NA,1,0,1,0,25,NA,NA,3.218876,14.88022,NA,NA,NA,0,NA,0,0.000000,0.035091,10.046630,0.027411,0,NA,NA
1987,410629,16,1100000,18500,1.20,0.58,NA,0,0,0,0,16,NA,0.182322,2.772589,13.91082,-0.544727,NA,NA,0,NA,0,NA,NA,9.825526,NA,NA,NA,NA
1988,410629,19,2050000,21000,0.53,0.25,NA,0,0,0,1,19,NA,-0.634878,2.944439,14.53335,-1.386294,NA,0.182322,0,-0.817200,0,0.171850,0.622529,9.952278,0.126752,0,NA,NA
1989,410629,23,2260000,23500,0.49,0.36,NA,0,0,1,0,23,NA,-0.713350,3.135494,14.63088,-1.021651,NA,-0.634878,0,-0.078471,0,0.191055,0.097526,10.064760,0.112477,0,NA,NA
1987,410635,100,20000000,22000,NA,NA,0,1,0,0,0,0,0.000000,NA,4.605170,16.81124,NA,0.000000,NA,0,NA,0,NA,NA,9.998797,NA,NA,NA,NA
1988,410635,95,18000000,22000,NA,NA,1,1,0,0,1,1,0.010526,NA,4.553877,16.70588,NA,0.010471,NA,0,NA,0,-0.051293,-0.105360,9.998797,0.000000,0,0.010526,0.010471
1989,410635,85,16000000,22000,NA,NA,20,1,0,1,0,50,11.764710,NA,4.442651,16.58810,NA,2.546684,NA,0,NA,0,-0.111226,-0.117785,9.998797,0.000000,0,11.754180,2.536213
1987,410636,8,386807,14110,NA,NA,NA,0,0,0,0,8,NA,NA,2.079442,12.86568,NA,NA,NA,0,NA,0,NA,NA,9.554639,NA,NA,NA,NA
1988,410636,10,734613,14040,NA,NA,NA,0,0,0,1,10,NA,NA,2.302585,13.50710,NA,NA,NA,0,NA,0,0.223144,0.641419,9.549665,-0.004973,0,NA,NA
1989,410636,8,518842,14126,NA,NA,NA,0,0,1,0,8,NA,NA,2.079442,13.15935,NA,NA,NA,0,NA,0,-0.223144,-0.347745,9.555773,0.006107,0,NA,NA
1987,410639,135,14000000,20384,NA,NA,1,1,0,0,0,50,0.370370,NA,4.905275,16.45457,NA,0.315081,NA,0,NA,0,NA,NA,9.922505,NA,NA,NA,NA
1988,410639,135,15000000,20800,NA,NA,3,1,0,0,1,75,1.666667,NA,4.905275,16.52356,NA,0.980829,NA,0,NA,0,0.000000,0.068995,9.942708,0.020203,0,1.296296,0.665748
1989,410639,144,15500000,20592,NA,NA,5,1,0,1,0,100,3.472222,NA,4.969813,16.55635,NA,1.497885,NA,0,NA,0,0.064538,0.032789,9.932658,-0.010050,0,1.805556,0.517056
1987,410640,13,1656000,19266,NA,NA,240,0,0,0,0,3,55.384620,NA,2.564949,14.31992,NA,4.032197,NA,0,NA,0,NA,NA,9.866097,NA,NA,NA,NA
1988,410640,11,1527000,20867,NA,NA,200,0,0,0,1,2,36.363640,NA,2.397895,14.23882,NA,3.620698,NA,0,NA,0,-0.167054,-0.081101,9.945924,0.079826,0,-19.020980,-0.411498
1989,410640,13,1454000,25154,NA,NA,200,0,0,1,0,2,30.769230,NA,2.564949,14.18983,NA,3.458498,NA,0,NA,0,0.167054,-0.048986,10.132770,0.186849,0,-5.594406,-0.162200
1987,410641,NA,3600000,NA,NA,NA,NA,0,0,0,0,NA,NA,NA,NA,15.09644,NA,NA,NA,0,NA,0,NA,NA,NA,NA,NA,NA,NA
1988,410641,NA,3900000,NA,NA,NA,NA,0,0,0,1,NA,NA,NA,NA,15.17649,NA,NA,NA,0,NA,0,NA,0.080043,NA,NA,0,NA,NA
1989,410641,NA,5200000,NA,NA,NA,NA,0,0,1,0,NA,NA,NA,NA,15.46417,NA,NA,NA,0,NA,0,NA,0.287683,NA,NA,0,NA,NA
1987,410642,NA,NA,NA,NA,NA,0,0,0,0,0,0,NA,NA,NA,NA,NA,NA,NA,0,NA,0,NA,NA,NA,NA,NA,NA,NA
1988,410642,NA,NA,NA,NA,NA,45,0,0,0,1,25,NA,NA,NA,NA,NA,NA,NA,0,NA,0,NA,NA,NA,NA,0,NA,NA
1989,410642,NA,NA,NA,NA,NA,45,0,0,1,0,25,NA,NA,NA,NA,NA,NA,NA,0,NA,0,NA,NA,NA,NA,0,NA,NA
1987,410649,30,2100000,25500,NA,NA,NA,0,0,0,0,30,NA,NA,3.401197,14.55745,NA,NA,NA,0,NA,0,NA,NA,10.146430,NA,NA,NA,NA
1988,410649,27,2252000,26000,NA,NA,NA,0,0,0,1,27,NA,NA,3.295837,14.62733,NA,NA,NA,0,NA,0,-0.105360,0.069881,10.165850,0.019418,0,NA,NA
1989,410649,24,1866064,28000,NA,NA,NA,0,0,1,0,24,NA,NA,3.178054,14.43934,NA,NA,NA,0,NA,0,-0.117783,-0.187987,10.239960,0.074108,0,NA,NA
1987,410653,14,1950000,16000,1.06,NA,NA,1,0,0,0,14,NA,0.058269,2.639057,14.48334,NA,NA,NA,0,NA,0,NA,NA,9.680344,NA,NA,NA,NA
1988,410653,13,1850000,17000,1.03,NA,NA,1,0,0,1,13,NA,0.029559,2.564949,14.43070,NA,NA,0.058269,0,-0.028710,0,-0.074108,-0.052644,9.740969,0.060625,0,NA,NA
1989,410653,12,1550000,18000,1.14,NA,NA,1,0,1,0,12,NA,0.131028,2.484907,14.25377,NA,NA,0.029559,0,0.101470,0,-0.080043,-0.176931,9.798127,0.057159,0,NA,NA
1987,410665,NA,NA,NA,0.05,0.06,0,0,0,0,0,0,NA,-2.995732,NA,NA,-2.813411,NA,NA,0,NA,0,NA,NA,NA,NA,NA,NA,NA
1988,410665,12,1000000,29120,0.08,0.03,16,0,0,0,1,2,2.666667,-2.525729,2.484907,13.81551,-3.506558,1.299283,-2.995732,0,0.470004,0,NA,NA,10.279180,NA,0,NA,NA
1989,410665,14,1200000,29120,0.03,0.09,16,0,0,1,0,4,4.571429,-3.506558,2.639057,13.99783,-2.407946,1.717651,-2.525729,0,-0.980829,0,0.154151,0.182321,10.279180,0.000000,0,1.904762,0.418368
1987,410679,30,NA,26000,NA,3.00,NA,0,0,0,0,30,NA,NA,3.401197,NA,1.098612,NA,NA,0,NA,0,NA,NA,10.165850,NA,NA,NA,NA
1988,410679,30,NA,26000,NA,3.00,NA,0,0,0,1,30,NA,NA,3.401197,NA,1.098612,NA,NA,0,NA,0,0.000000,NA,10.165850,0.000000,0,NA,NA
1989,410679,28,NA,27000,NA,3.00,NA,0,0,1,0,28,NA,NA,3.332205,NA,1.098612,NA,NA,0,NA,0,-0.068993,NA,10.203590,0.037741,0,NA,NA
1987,410680,27,2873000,19762,NA,NA,100,0,0,0,0,14,51.851850,NA,3.295837,14.87087,NA,3.967493,NA,0,NA,0,NA,NA,9.891516,NA,NA,NA,NA
1988,410680,61,6097000,21120,NA,NA,50,0,0,0,1,5,4.098361,NA,4.110874,15.62331,NA,1.628919,NA,0,NA,0,0.815037,0.752440,9.957975,0.066460,0,-47.753490,-2.338574
1989,410680,52,5670000,22360,NA,NA,70,0,0,1,0,9,12.115390,NA,3.951244,15.55070,NA,2.573786,NA,0,NA,0,-0.159630,-0.072608,10.015030,0.057054,0,8.017025,0.944867
1987,410685,24,2213235,20004,0.14,NA,NA,0,0,0,0,24,NA,-1.966113,3.178054,14.60997,NA,NA,NA,0,NA,0,NA,NA,9.903687,NA,NA,NA,NA
1988,410685,20,2100943,19078,0.16,NA,NA,0,0,0,1,20,NA,-1.832582,2.995732,14.55790,NA,NA,-1.966113,0,0.133531,0,-0.182321,-0.052070,9.856291,-0.047397,0,NA,NA
1989,410685,20,2174049,21099,0.23,NA,NA,0,0,1,0,20,NA,-1.469676,2.995732,14.59210,NA,NA,-1.832582,0,0.362906,0,0.000000,0.034205,9.956981,0.100690,0,NA,NA
1987,410686,6,2100000,16640,NA,NA,0,0,0,0,0,0,0.000000,NA,1.791759,14.55745,NA,0.000000,NA,0,NA,0,NA,NA,9.719564,NA,NA,NA,NA
1988,410686,7,1800000,18720,NA,NA,10,0,0,0,1,2,2.857143,NA,1.945910,14.40330,NA,1.349927,NA,0,NA,0,0.154151,-0.154150,9.837348,0.117783,0,2.857143,1.349927
1989,410686,6,1600000,20800,NA,NA,0,0,0,1,0,0,0.000000,NA,1.791759,14.28551,NA,0.000000,NA,0,NA,0,-0.154151,-0.117783,9.942708,0.105360,0,-2.857143,-1.349927
1987,418006,63,NA,25900,NA,NA,0,0,0,0,0,0,0.000000,NA,4.143135,NA,NA,0.000000,NA,0,NA,0,NA,NA,10.162000,NA,NA,NA,NA
1988,418006,57,NA,25300,NA,NA,45,0,1,0,1,24,18.947370,NA,4.043051,NA,NA,2.993097,NA,0,NA,1,-0.100083,NA,10.138560,-0.023439,0,18.947370,2.993097
1989,418006,59,NA,26800,NA,NA,40,0,0,1,0,35,23.728810,NA,4.077538,NA,NA,3.207969,NA,1,NA,-1,0.034486,NA,10.196160,0.057598,1,4.781445,0.214872
1987,418007,26,2200000,10712,NA,1.90,NA,1,0,0,0,26,NA,NA,3.258096,14.60397,0.641854,NA,NA,0,NA,0,NA,NA,9.279119,NA,NA,NA,NA
1988,418007,24,1800000,10940,NA,2.60,NA,1,0,0,1,24,NA,NA,3.178054,14.40330,0.955511,NA,NA,0,NA,0,-0.080043,-0.200670,9.300181,0.021062,0,NA,NA
1989,418007,21,1700000,11148,NA,1.20,NA,1,0,1,0,21,NA,NA,3.044523,14.34614,0.182322,NA,NA,0,NA,0,-0.133531,-0.057159,9.319016,0.018834,0,NA,NA
1987,418008,10,900000,NA,NA,NA,0,0,0,0,0,3,0.000000,NA,2.302585,13.71015,NA,0.000000,NA,0,NA,0,NA,NA,NA,NA,NA,NA,NA
1988,418008,10,1200000,NA,NA,NA,16,0,1,0,1,10,16.000000,NA,2.302585,13.99783,NA,2.833213,NA,0,NA,1,0.000000,0.287683,NA,NA,0,16.000000,2.833213
1989,418008,12,1100000,20000,NA,NA,0,0,0,1,0,1,0.000000,NA,2.484907,13.91082,NA,0.000000,NA,1,NA,-1,0.182321,-0.087011,9.903487,NA,1,-16.000000,-2.833213
1987,418011,70,4200000,12400,10.00,9.00,0,1,0,0,0,0,0.000000,2.302585,4.248495,15.25060,2.197225,0.000000,NA,0,NA,0,NA,NA,9.425451,NA,NA,NA,NA
1988,418011,50,3740000,13400,3.00,3.00,43,1,1,0,1,10,8.600000,1.098612,3.912023,15.13460,1.098612,2.261763,2.302585,0,-1.203973,1,-0.336472,-0.115999,9.503010,0.077559,0,8.600000,2.261763
1989,418011,30,2040000,14000,2.00,1.00,40,1,0,1,0,5,6.666667,0.693147,3.401197,14.52846,0.000000,2.036882,1.098612,1,-0.405465,-1,-0.510826,-0.606135,9.546813,0.043803,1,-1.933334,-0.224881
1987,418013,20,750000,14560,NA,0.27,40,0,0,0,0,2,4.000000,NA,2.995732,13.52783,-1.309333,1.609438,NA,0,NA,0,NA,NA,9.586033,NA,NA,NA,NA
1988,418013,18,800000,16640,NA,0.25,60,0,1,0,1,3,10.000000,NA,2.890372,13.59237,-1.386294,2.397895,NA,0,NA,1,-0.105360,0.064539,9.719564,0.133532,0,6.000000,0.788457
1989,418013,20,950000,17680,NA,0.21,40,0,0,1,0,3,6.000000,NA,2.995732,13.76422,-1.560648,1.945910,NA,1,NA,-1,0.105360,0.171850,9.780190,0.060625,1,-4.000000,-0.451985
1987,418014,9,6802180,13478,NA,NA,256,0,0,0,0,2,56.888890,NA,2.197225,15.73275,NA,4.058526,NA,0,NA,0,NA,NA,9.508814,NA,NA,NA,NA
1988,418014,12,936477,14269,NA,NA,281,0,1,0,1,7,163.916700,NA,2.484907,13.74988,NA,5.105440,NA,0,NA,1,0.287682,-1.982874,9.565845,0.057031,0,107.027800,1.046915
1989,418014,17,1437883,15558,NA,NA,256,0,0,1,0,5,75.294120,NA,2.833213,14.17868,NA,4.334596,NA,1,NA,-1,0.348307,0.428802,9.652330,0.086486,1,-88.622550,-0.770845
1987,418021,11,1850000,12500,1.00,1.00,0,0,0,0,0,0,0.000000,0.000000,2.397895,14.43070,0.000000,0.000000,NA,0,NA,0,NA,NA,9.433484,NA,NA,NA,NA
1988,418021,13,2078000,13100,1.00,1.00,40,0,1,0,1,2,6.153846,0.000000,2.564949,14.54692,0.000000,1.967650,0.000000,0,0.000000,1,0.167054,0.116220,9.480368,0.046884,0,6.153846,1.967650
1989,418021,13,2040000,13800,1.00,1.00,10,0,0,1,0,2,1.538462,0.000000,2.564949,14.52846,0.000000,0.931558,0.000000,1,0.000000,-1,0.000000,-0.018455,9.532424,0.052056,1,-4.615385,-1.036092
1987,418024,40,5500000,10400,NA,NA,0,0,0,0,0,0,0.000000,NA,3.688879,15.52026,NA,0.000000,NA,0,NA,0,NA,NA,9.249561,NA,NA,NA,NA
1988,418024,60,6000000,10400,NA,NA,40,0,1,0,1,57,38.000000,NA,4.094345,15.60727,NA,3.663562,NA,0,NA,1,0.405465,0.087011,9.249561,0.000000,0,38.000000,3.663562
1989,418024,100,7000000,11020,NA,NA,20,0,0,1,0,10,2.000000,NA,4.605170,15.76142,NA,1.098612,NA,1,NA,-1,0.510826,0.154150,9.307467,0.057906,1,-36.000000,-2.564949
1987,418035,30,1269000,14000,6.00,12.00,0,0,0,0,0,0,0.000000,1.791759,3.401197,14.05374,2.484907,0.000000,NA,0,NA,0,NA,NA,9.546813,NA,NA,NA,NA
1988,418035,30,1681000,14500,5.00,11.00,23,0,1,0,1,24,18.400000,1.609438,3.401197,14.33490,2.397895,2.965273,1.791759,0,-0.182321,1,0.000000,0.281159,9.581903,0.035090,0,18.400000,2.965273
1989,418035,31,1814000,15000,3.00,9.00,0,0,0,1,0,0,0.000000,1.098612,3.433987,14.41105,2.197225,0.000000,1.609438,1,-0.510826,-1,0.032790,0.076146,9.615806,0.033902,1,-18.400000,-2.965273
1987,418036,485,NA,17888,NA,NA,10,0,0,0,0,15,0.309278,NA,6.184149,NA,NA,0.269476,NA,0,NA,0,NA,NA,9.791885,NA,NA,NA,NA
1988,418036,500,NA,18637,NA,NA,46,0,1,0,1,24,2.208000,NA,6.214608,NA,NA,1.165648,NA,0,NA,1,0.030459,NA,9.832904,0.041018,0,1.898722,0.896172
1989,418036,525,NA,19386,NA,NA,10,0,0,1,0,15,0.285714,NA,6.263398,NA,NA,0.251314,NA,1,NA,-1,0.048790,NA,9.872307,0.039403,1,-1.922286,-0.914333
1987,418045,15,2000000,18000,2.00,1.00,30,0,0,0,0,2,4.000000,0.693147,2.708050,14.50866,0.000000,1.609438,NA,0,NA,0,NA,NA,9.798127,NA,NA,NA,NA
1988,418045,15,2500000,20000,2.00,1.00,40,0,0,0,1,3,8.000000,0.693147,2.708050,14.73180,0.000000,2.197225,0.693147,0,0.000000,0,0.000000,0.223144,9.903487,0.105360,0,4.000000,0.587787
1989,418045,15,3500000,22000,2.00,1.00,150,0,0,1,0,15,150.000000,0.693147,2.708050,15.06827,0.000000,5.017280,0.693147,0,0.000000,0,0.000000,0.336473,9.998797,0.095310,0,142.000000,2.820055
1987,418046,15,NA,13000,NA,NA,0,0,0,0,0,0,0.000000,NA,2.708050,NA,NA,0.000000,NA,0,NA,0,NA,NA,9.472705,NA,NA,NA,NA
1988,418046,20,NA,12000,NA,NA,24,0,1,0,1,20,24.000000,NA,2.995732,NA,NA,3.218876,NA,0,NA,1,0.287682,NA,9.392662,-0.080043,0,24.000000,3.218876
1989,418046,25,NA,12000,NA,NA,4,0,0,1,0,25,4.000000,NA,3.218876,NA,NA,1.609438,NA,1,NA,-1,0.223144,NA,9.392662,0.000000,1,-20.000000,-1.609438
1987,418051,NA,NA,NA,0.45,0.14,25,1,0,0,0,30,NA,-0.798508,NA,NA,-1.966113,NA,NA,0,NA,0,NA,NA,NA,NA,NA,NA,NA
1988,418051,NA,NA,NA,0.50,0.17,13,1,1,0,1,199,NA,-0.693147,NA,NA,-1.771957,NA,-0.798508,0,0.105361,1,NA,NA,NA,NA,0,NA,NA
1989,418051,NA,NA,NA,0.50,0.17,20,1,0,1,0,15,NA,-0.693147,NA,NA,-1.771957,NA,-0.693147,1,0.000000,-1,NA,NA,NA,NA,1,NA,NA
1987,418052,6,400000,25861,NA,NA,0,0,0,0,0,0,0.000000,NA,1.791759,12.89922,NA,0.000000,NA,0,NA,0,NA,NA,10.160490,NA,NA,NA,NA
1988,418052,5,500000,25168,NA,NA,55,0,1,0,1,5,55.000000,NA,1.609438,13.12236,NA,4.025352,NA,0,NA,1,-0.182321,0.223144,10.133330,-0.027163,0,55.000000,4.025352
1989,418052,7,600000,23625,NA,NA,0,0,0,1,0,0,0.000000,NA,1.945910,13.30468,NA,0.000000,NA,1,NA,-1,0.336472,0.182321,10.070060,-0.063268,1,-55.000000,-4.025352
1987,418054,60,3330457,11500,1.25,NA,0,0,0,0,0,3,0.000000,0.223143,4.094345,15.01862,NA,0.000000,NA,0,NA,0,NA,NA,9.350102,NA,NA,NA,NA
1988,418054,65,3765312,12500,1.54,NA,40,0,1,0,1,3,1.846154,0.431782,4.174387,15.14134,NA,1.045969,0.223143,0,0.208639,1,0.080043,0.122721,9.433484,0.083382,0,1.846154,1.045969
1989,418054,56,3533090,13200,0.96,NA,10,0,0,1,0,0,0.000000,-0.040822,4.025352,15.07768,NA,0.000000,0.431782,1,-0.472604,-1,-0.149036,-0.063658,9.487972,0.054488,1,-1.846154,-1.045969
1987,418065,259,26900000,15038,1.30,0.50,6,1,0,0,0,150,3.474904,0.262364,5.556828,17.10920,-0.693147,1.498485,NA,0,NA,0,NA,NA,9.618336,NA,NA,NA,NA
1988,418065,331,32200000,15434,1.50,0.70,21,1,1,0,1,244,15.480360,0.405465,5.802118,17.28626,-0.356675,2.802170,0.262364,0,0.143101,1,0.245290,0.177067,9.644328,0.025992,0,12.005460,1.303685
1989,418065,321,31000000,16307,1.00,0.70,6,1,0,1,0,180,3.364486,0.000000,5.771441,17.25098,-0.356675,1.473500,0.405465,1,-0.405465,-1,-0.030677,-0.035284,9.699349,0.055021,1,-12.115880,-1.328669
1987,418066,35,NA,NA,NA,NA,2,0,0,0,0,35,2.000000,NA,3.555348,NA,NA,1.098612,NA,0,NA,0,NA,NA,NA,NA,NA,NA,NA
1988,418066,34,NA,NA,NA,NA,NA,0,1,0,1,34,NA,NA,3.526361,NA,NA,NA,NA,0,NA,1,-0.028988,NA,NA,NA,0,NA,NA
1989,418066,36,NA,NA,NA,NA,3,0,0,1,0,36,3.000000,NA,3.583519,NA,NA,1.386294,NA,1,NA,-1,0.057159,NA,NA,NA,1,NA,NA
1987,418076,60,3870000,19968,1.06,2.00,50,0,0,0,0,20,16.666670,0.058269,4.094345,15.16877,0.693147,2.871680,NA,0,NA,0,NA,NA,9.901886,NA,NA,NA,NA
1988,418076,70,3882000,20800,0.80,1.50,52,0,1,0,1,41,30.457140,-0.223143,4.248495,15.17186,0.405465,3.448626,0.058269,0,-0.281412,1,0.154150,0.003096,9.942708,0.040822,0,13.790480,0.576947
1989,418076,70,5330000,21840,0.22,0.50,50,0,0,1,0,20,14.285710,-1.514128,4.248495,15.48886,-0.693147,2.726919,-0.223143,1,-1.290984,-1,0.000000,0.317001,9.991498,0.048790,1,-16.171430,-0.721707
1987,418083,125,26000000,20000,3.00,0.05,0,1,0,0,0,0,0.000000,1.098612,4.828314,17.07361,-2.995732,0.000000,NA,0,NA,0,NA,NA,9.903487,NA,NA,NA,NA
1988,418083,120,36000000,20000,2.00,0.00,NA,1,1,0,1,120,NA,0.693147,4.787492,17.39903,NA,NA,1.098612,0,-0.405465,1,-0.040822,0.325422,9.903487,0.000000,0,NA,NA
1989,418083,60,22000000,20000,1.00,0.03,32,1,0,1,0,20,10.666670,0.000000,4.094345,16.90655,-3.506558,2.456736,0.693147,1,-0.693147,-1,-0.693147,-0.492476,9.903487,0.000000,1,NA,NA
1987,418084,40,1200000,10000,NA,NA,200,1,0,0,0,6,30.000000,NA,3.688879,13.99783,NA,3.433987,NA,0,NA,0,NA,NA,9.210340,NA,NA,NA,NA
1988,418084,35,1100000,10300,NA,NA,NA,1,1,0,1,35,NA,NA,3.555348,13.91082,NA,NA,NA,0,NA,1,-0.133531,-0.087011,9.239900,0.029559,0,NA,NA
1989,418084,50,1300000,10700,NA,NA,200,1,0,1,0,6,24.000000,NA,3.912023,14.07788,NA,3.218876,NA,1,NA,-1,0.356675,0.167054,9.277999,0.038099,1,NA,NA
1987,418091,150,11000000,12000,8.18,NA,10,0,0,0,0,20,1.333333,2.101692,5.010635,16.21341,NA,0.847298,NA,0,NA,0,NA,NA,9.392662,NA,NA,NA,NA
1988,418091,175,15000000,14000,0.67,NA,30,0,1,0,1,74,12.685710,-0.400477,5.164786,16.52356,NA,2.616353,2.101692,0,-2.502170,1,0.154150,0.310156,9.546813,0.154151,0,11.352380,1.769055
1989,418091,200,18000000,16000,0.56,NA,20,0,0,1,0,50,5.000000,-0.579819,5.298317,16.70588,NA,1.791759,-0.400477,1,-0.179341,-1,0.133532,0.182321,9.680344,0.133531,1,-7.685715,-0.824593
1987,418097,80,6000000,12480,1.67,15.00,5,0,0,0,0,5,0.312500,0.512824,4.382027,15.60727,2.708050,0.271934,NA,0,NA,0,NA,NA,9.431883,NA,NA,NA,NA
1988,418097,150,7700000,14560,1.17,12.00,30,0,1,0,1,14,2.800000,0.157004,5.010635,15.85673,2.484907,1.335001,0.512824,0,-0.355820,1,0.628609,0.249460,9.586033,0.154150,0,2.487500,1.063067
1989,418097,120,5643000,16640,1.42,10.00,0,0,0,1,0,0,0.000000,0.350657,4.787492,15.54593,2.302585,0.000000,0.157004,1,0.193653,-1,-0.223144,-0.310804,9.719564,0.133532,1,-2.800000,-1.335001
1987,418098,15,NA,9360,NA,NA,0,0,0,0,0,0,0.000000,NA,2.708050,NA,NA,0.000000,NA,0,NA,0,NA,NA,9.144200,NA,NA,NA,NA
1988,418098,18,NA,10400,NA,NA,40,0,1,0,1,18,40.000000,NA,2.890372,NA,NA,3.713572,NA,0,NA,1,0.182321,NA,9.249561,0.105361,0,40.000000,3.713572
1989,418098,22,NA,13520,NA,NA,80,0,0,1,0,3,10.909090,NA,3.091043,NA,NA,2.477302,NA,1,NA,-1,0.200671,NA,9.511926,0.262364,1,-29.090910,-1.236270
1987,418107,10,307501,8500,0.98,NA,10,0,0,0,0,10,10.000000,-0.020203,2.302585,12.63623,NA,2.397895,NA,0,NA,0,NA,NA,9.047821,NA,NA,NA,NA
1988,418107,25,1961818,9000,0.51,NA,83,0,1,0,1,25,83.000000,-0.673345,3.218876,14.48938,NA,4.430817,-0.020203,0,-0.653142,1,0.916291,1.853148,9.104980,0.057159,0,73.000000,2.032921
1989,418107,34,2650786,9400,0.45,NA,15,0,0,1,0,30,13.235290,-0.798508,3.526361,14.79037,NA,2.655724,-0.673345,1,-0.125163,-1,0.307485,0.300985,9.148465,0.043486,1,-69.764710,-1.775092
1987,418109,6,600000,16640,NA,NA,200,0,0,0,0,3,100.000000,NA,1.791759,13.30468,NA,4.615120,NA,0,NA,0,NA,NA,9.719564,NA,NA,NA,NA
1988,418109,12,820000,18304,NA,NA,290,0,1,0,1,5,120.833300,NA,2.484907,13.61706,NA,4.802654,NA,0,NA,1,0.693147,0.312375,9.814875,0.095310,0,20.833340,0.187533
1989,418109,14,1200000,19552,NA,NA,320,0,0,1,0,4,91.428570,NA,2.639057,13.99783,NA,4.526436,NA,1,NA,-1,0.154151,0.380773,9.880833,0.065958,1,-29.404760,-0.276218
1987,418118,16,1608573,35000,1.00,10.00,5,0,0,0,0,10,3.125000,0.000000,2.772589,14.29086,2.302585,1.417066,NA,0,NA,0,NA,NA,10.463100,NA,NA,NA,NA
1988,418118,16,1342236,38000,0.50,5.00,25,0,1,0,1,16,25.000000,-0.693147,2.772589,14.10985,1.609438,3.258096,0.000000,0,-0.693147,1,0.000000,-0.181011,10.545340,0.082238,0,21.875000,1.841030
1989,418118,16,1504283,41000,0.10,1.00,5,0,0,1,0,10,3.125000,-2.302585,2.772589,14.22383,0.000000,1.417066,-0.693147,1,-1.609438,-1,0.000000,0.113980,10.621330,0.075986,1,-21.875000,-1.841030
1987,418124,15,1600000,12000,NA,NA,0,0,0,0,0,0,0.000000,NA,2.708050,14.28551,NA,0.000000,NA,0,NA,0,NA,NA,9.392662,NA,NA,NA,NA
1988,418124,20,1800000,13000,NA,NA,40,0,1,0,1,9,18.000000,NA,2.995732,14.40330,NA,2.944439,NA,0,NA,1,0.287682,0.117783,9.472705,0.080043,0,18.000000,2.944439
1989,418124,26,2000000,16000,NA,NA,8,0,0,1,0,6,1.846154,NA,3.258096,14.50866,NA,1.045969,NA,1,NA,-1,0.262364,0.105360,9.680344,0.207639,1,-16.153850,-1.898470
1987,418125,72,10500000,17700,0.45,NA,10,0,0,0,0,67,9.305555,-0.798508,4.276666,16.16374,NA,2.332683,NA,0,NA,0,NA,NA,9.781320,NA,NA,NA,NA
1988,418125,128,15400000,19350,0.61,NA,31,0,1,0,1,128,31.000000,-0.494296,4.852030,16.55247,NA,3.465736,-0.798508,0,0.304211,1,0.575364,0.388733,9.870448,0.089128,0,21.694440,1.133053
1989,418125,168,23000000,23250,0.60,NA,14,0,0,1,0,108,9.000000,-0.510826,5.123964,16.95012,NA,2.302585,-0.494296,1,-0.016529,-1,0.271934,0.397640,10.054060,0.183612,1,-22.000000,-1.163151
1987,418126,60,5600000,23000,NA,NA,30,0,0,0,0,10,5.000000,NA,4.094345,15.53828,NA,1.791759,NA,0,NA,0,NA,NA,10.043250,NA,NA,NA,NA
1988,418126,50,6200000,25000,NA,NA,48,0,1,0,1,50,48.000000,NA,3.912023,15.64006,NA,3.891820,NA,0,NA,1,-0.182321,0.101782,10.126630,0.083382,0,43.000000,2.100061
1989,418126,48,6300000,27000,NA,NA,30,0,0,1,0,6,3.750000,NA,3.871201,15.65606,NA,1.558145,NA,1,NA,-1,-0.040822,0.016001,10.203590,0.076962,1,-44.250000,-2.333676
1987,418140,17,NA,NA,8.00,NA,0,0,0,0,0,0,0.000000,2.079442,2.833213,NA,NA,0.000000,NA,0,NA,0,NA,NA,NA,NA,NA,NA,NA
1988,418140,23,NA,NA,4.00,NA,80,0,1,0,1,23,80.000000,1.386294,3.135494,NA,NA,4.394449,2.079442,0,-0.693147,1,0.302281,NA,NA,NA,0,80.000000,4.394449
1989,418140,20,NA,NA,2.50,NA,40,0,0,1,0,6,12.000000,0.916291,2.995732,NA,NA,2.564949,1.386294,1,-0.470004,-1,-0.139762,NA,NA,NA,1,-68.000000,-1.829500
1987,418147,15,726833,9048,NA,NA,0,0,0,0,0,0,0.000000,NA,2.708050,13.49645,NA,0.000000,NA,0,NA,0,NA,NA,9.110299,NA,NA,NA,NA
1988,418147,80,4005963,10088,NA,NA,40,0,0,0,1,40,20.000000,NA,4.382027,15.20329,NA,3.044523,NA,0,NA,0,1.673976,1.706842,9.219102,0.108803,0,20.000000,3.044523
1989,418147,30,2089704,10504,NA,NA,0,0,0,1,0,0,0.000000,NA,3.401197,14.55253,NA,0.000000,NA,0,NA,0,-0.980829,-0.650762,9.259511,0.040409,0,-20.000000,-3.044523
1987,418163,72,7742994,18305,9.00,NA,0,1,0,0,0,0,0.000000,2.197225,4.276666,15.86230,NA,0.000000,NA,0,NA,0,NA,NA,9.814930,NA,NA,NA,NA
1988,418163,70,8273868,19828,7.00,NA,40,1,1,0,1,70,40.000000,1.945910,4.248495,15.92861,NA,3.713572,2.197225,0,-0.251314,1,-0.028171,0.066314,9.894851,0.079921,0,40.000000,3.713572
1989,418163,68,8329656,17893,6.50,NA,0,1,0,1,0,0,0.000000,1.871802,4.219508,15.93533,NA,0.000000,1.945910,1,-0.074108,-1,-0.028987,0.006720,9.792165,-0.102686,1,-40.000000,-3.713572
1987,418168,7,5449674,NA,0.01,NA,40,0,0,0,0,7,40.000000,-4.605170,1.945910,15.51107,NA,3.713572,NA,0,NA,0,NA,NA,NA,NA,NA,NA,NA
1988,418168,7,6131102,NA,0.11,NA,40,0,0,0,1,7,40.000000,-2.207275,1.945910,15.62889,NA,3.713572,-4.605170,0,2.397895,0,0.000000,0.117819,NA,NA,0,0.000000,0.000000
1989,418168,8,7332464,NA,0.20,NA,0,0,0,1,0,0,0.000000,-1.609438,2.079442,15.80782,NA,0.000000,-2.207275,0,0.597837,0,0.133531,0.178937,NA,NA,0,-40.000000,-3.713572
1987,418177,120,10000000,28080,18.00,3.00,20,1,0,0,0,0,0.000000,2.890372,4.787492,16.11810,1.098612,0.000000,NA,0,NA,0,NA,NA,10.242810,NA,NA,NA,NA
1988,418177,120,12000000,28080,19.00,3.00,26,1,1,0,1,120,26.000000,2.944439,4.787492,16.30042,1.098612,3.295837,2.890372,0,0.054067,1,0.000000,0.182321,10.242810,0.000000,0,26.000000,3.295837
1989,418177,120,11000000,28080,18.00,3.00,14,1,0,1,0,120,14.000000,2.890372,4.787492,16.21341,1.098612,2.708050,2.944439,1,-0.054067,-1,0.000000,-0.087011,10.242810,0.000000,1,-12.000000,-0.587787
1987,418183,21,NA,14800,NA,2.40,NA,0,0,0,0,21,NA,NA,3.044523,NA,0.875469,NA,NA,0,NA,0,NA,NA,9.602383,NA,NA,NA,NA
1988,418183,25,1800000,15100,NA,2.79,NA,0,0,0,1,25,NA,NA,3.218876,14.40330,1.026042,NA,NA,0,NA,0,0.174353,NA,9.622450,0.020067,0,NA,NA
1989,418183,30,2100000,16500,NA,2.00,NA,0,0,1,0,30,NA,NA,3.401197,14.55745,0.693147,NA,NA,0,NA,0,0.182321,0.154150,9.711116,0.088666,0,NA,NA
1987,418185,31,2000000,30000,NA,NA,NA,0,0,0,0,31,NA,NA,3.433987,14.50866,NA,NA,NA,0,NA,0,NA,NA,10.308950,NA,NA,NA,NA
1988,418185,47,2200000,30000,NA,NA,NA,0,0,0,1,47,NA,NA,3.850147,14.60397,NA,NA,NA,0,NA,0,0.416160,0.095310,10.308950,0.000000,0,NA,NA
1989,418185,32,1800000,30000,NA,NA,NA,0,0,1,0,32,NA,NA,3.465736,14.40330,NA,NA,NA,0,NA,0,-0.384412,-0.200670,10.308950,0.000000,0,NA,NA
1987,418213,25,1400000,14000,NA,NA,10,0,0,0,0,3,1.200000,NA,3.218876,14.15198,NA,0.788457,NA,0,NA,0,NA,NA,9.546813,NA,NA,NA,NA
1988,418213,30,1680000,16000,NA,NA,NA,0,1,0,1,17,NA,NA,3.401197,14.33430,NA,NA,NA,0,NA,1,0.182321,0.182321,9.680344,0.133531,0,NA,NA
1989,418213,39,2806000,17000,NA,NA,12,0,0,1,0,4,1.230769,NA,3.663562,14.84727,NA,0.802346,NA,1,NA,-1,0.262364,0.512966,9.740969,0.060625,1,NA,NA
1987,418220,19,580000,8840,NA,NA,0,0,0,0,0,0,0.000000,NA,2.944439,13.27078,NA,0.000000,NA,0,NA,0,NA,NA,9.087042,NA,NA,NA,NA
1988,418220,21,660000,9360,NA,NA,39,0,1,0,1,21,39.000000,NA,3.044523,13.39999,NA,3.688879,NA,0,NA,1,0.100084,0.129211,9.144200,0.057159,0,39.000000,3.688879
1989,418220,30,984000,10720,NA,NA,0,0,0,1,0,0,0.000000,NA,3.401197,13.79938,NA,0.000000,NA,1,NA,-1,0.356675,0.399386,9.279866,0.135666,1,-39.000000,-3.688879
1987,418225,15,1300000,13000,NA,NA,0,1,0,0,0,0,0.000000,NA,2.708050,14.07788,NA,0.000000,NA,0,NA,0,NA,NA,9.472705,NA,NA,NA,NA
1988,418225,18,1600000,14040,NA,NA,10,1,1,0,1,18,10.000000,NA,2.890372,14.28551,NA,2.397895,NA,0,NA,1,0.182321,0.207639,9.549665,0.076961,0,10.000000,2.397895
1989,418225,28,2300000,15080,NA,NA,0,1,0,1,0,0,0.000000,NA,3.332205,14.64842,NA,0.000000,NA,1,NA,-1,0.441833,0.362905,9.621124,0.071459,1,-10.000000,-2.397895
1987,418229,6,490000,14560,NA,NA,0,0,0,0,0,4,0.000000,NA,1.791759,13.10216,NA,0.000000,NA,0,NA,0,NA,NA,9.586033,NA,NA,NA,NA
1988,418229,7,580000,15600,NA,NA,0,0,0,0,1,6,0.000000,NA,1.945910,13.27078,NA,0.000000,NA,0,NA,0,0.154151,0.168623,9.655026,0.068994,0,0.000000,0.000000
1989,418229,8,660000,16640,NA,NA,0,0,0,1,0,4,0.000000,NA,2.079442,13.39999,NA,0.000000,NA,0,NA,0,0.133531,0.129211,9.719564,0.064538,0,0.000000,0.000000
1987,418237,28,4568907,19042,0.28,NA,0,1,0,0,0,0,0.000000,-1.272966,3.332205,15.33478,NA,0.000000,NA,0,NA,0,NA,NA,9.854403,NA,NA,NA,NA
1988,418237,28,4904008,19845,0.20,NA,12,1,1,0,1,14,6.000000,-1.609438,3.332205,15.40556,NA,1.945910,-1.272966,0,-0.336472,1,0.000000,0.070779,9.895707,0.041305,0,6.000000,1.945910
1989,418237,29,5884603,20426,0.19,NA,10,1,0,1,0,4,1.379310,-1.660731,3.367296,15.58785,NA,0.866811,-1.609438,1,-0.051293,-1,0.035091,0.182286,9.924563,0.028856,1,-4.620689,-1.079099
1987,418239,80,6900000,13728,NA,0.22,20,0,0,0,0,20,5.000000,NA,4.382027,15.74703,-1.514128,1.791759,NA,0,NA,0,NA,NA,9.527193,NA,NA,NA,NA
1988,418239,65,8400000,14664,NA,0.24,20,0,0,0,1,25,7.692307,NA,4.174387,15.94374,-1.427116,2.162438,NA,0,NA,0,-0.207639,0.196710,9.593151,0.065958,0,2.692307,0.370679
1989,418239,75,7100000,15600,NA,0.42,20,0,0,1,0,30,8.000000,NA,4.317488,15.77561,-0.867501,2.197225,NA,0,NA,0,0.143101,-0.168137,9.655026,0.061875,0,0.307692,0.034786
1987,418243,12,NA,15000,NA,NA,0,0,0,0,0,0,0.000000,NA,2.484907,NA,NA,0.000000,NA,0,NA,0,NA,NA,9.615806,NA,NA,NA,NA
1988,418243,14,NA,15000,NA,NA,0,0,0,0,1,0,0.000000,NA,2.639057,NA,NA,0.000000,NA,0,NA,0,0.154151,NA,9.615806,0.000000,0,0.000000,0.000000
1989,418243,15,NA,16000,NA,NA,0,0,0,1,0,0,0.000000,NA,2.708050,NA,NA,0.000000,NA,0,NA,0,0.068993,NA,9.680344,0.064538,0,0.000000,0.000000
1987,418245,25,3000000,20000,NA,NA,0,0,0,0,0,0,0.000000,NA,3.218876,14.91412,NA,0.000000,NA,0,NA,0,NA,NA,9.903487,NA,NA,NA,NA
1988,418245,30,4000000,25000,NA,NA,0,0,0,0,1,0,0.000000,NA,3.401197,15.20181,NA,0.000000,NA,0,NA,0,0.182321,0.287683,10.126630,0.223144,0,0.000000,0.000000
1989,418245,40,6000000,30000,NA,NA,0,0,0,1,0,0,0.000000,NA,3.688879,15.60727,NA,0.000000,NA,0,NA,0,0.287682,0.405465,10.308950,0.182321,0,0.000000,0.000000
1987,419198,17,1083644,24000,7.00,10.00,56,0,0,0,0,6,19.764710,1.945910,2.833213,13.89584,2.302585,3.033255,NA,0,NA,0,NA,NA,10.085810,NA,NA,NA,NA
1988,419198,13,851605,24000,5.00,8.00,88,0,1,0,1,13,88.000000,1.609438,2.564949,13.65488,2.079442,4.488636,1.945910,0,-0.336472,1,-0.268264,-0.240962,10.085810,0.000000,0,68.235290,1.455382
1989,419198,9,885852,16000,4.00,7.50,56,0,0,1,0,1,6.222222,1.386294,2.197225,13.69431,2.014903,1.977163,1.609438,1,-0.223144,-1,-0.367725,0.039428,9.680344,-0.405465,1,-81.777780,-2.511474
1987,419201,20,3499895,14560,2.00,NA,0,0,0,0,0,0,0.000000,0.693147,2.995732,15.06824,NA,0.000000,NA,0,NA,0,NA,NA,9.586033,NA,NA,NA,NA
1988,419201,17,4008997,16848,2.00,NA,24,0,0,0,1,6,8.470589,0.693147,2.833213,15.20405,NA,2.248191,0.693147,0,0.000000,0,-0.162519,0.135808,9.731987,0.145954,0,8.470589,2.248191
1989,419201,13,3379103,18720,2.00,NA,0,0,0,1,0,0,0.000000,0.693147,2.564949,15.03312,NA,0.000000,0.693147,0,0.000000,0,-0.268264,-0.170931,9.837348,0.105361,0,-8.470589,-2.248191
1987,419242,70,6400000,16141,3.97,NA,6,1,0,0,0,60,5.142857,1.378766,4.248495,15.67181,NA,1.815290,NA,0,NA,0,NA,NA,9.689117,NA,NA,NA,NA
1988,419242,65,6800000,16578,3.83,NA,36,1,1,0,1,65,36.000000,1.342865,4.174387,15.73243,NA,3.610918,1.378766,0,-0.035901,1,-0.074108,0.060625,9.715832,0.026714,0,30.857140,1.795628
1989,419242,30,2100000,16952,5.70,NA,4,1,0,1,0,30,4.000000,1.740466,3.401197,14.55745,NA,1.609438,1.342865,1,0.397601,-1,-0.773190,-1.174986,9.738141,0.022309,1,-32.000000,-2.001480
1987,419268,6,564694,22866,1.39,1.39,0,0,0,0,0,0,0.000000,0.329304,1.791759,13.24404,0.329304,0.000000,NA,0,NA,0,NA,NA,10.037410,NA,NA,NA,NA
1988,419268,6,620439,22995,1.16,1.16,0,0,0,0,1,0,0.000000,0.148420,1.791759,13.33818,0.148420,0.000000,0.329304,0,-0.180884,0,0.000000,0.094143,10.043030,0.005626,0,0.000000,0.000000
1989,419268,6,783261,29114,0.90,0.90,32,0,1,1,0,6,32.000000,-0.105360,1.791759,13.57122,-0.105360,3.496508,0.148420,0,-0.253781,1,0.000000,0.233039,10.278970,0.235943,0,32.000000,3.496508
1987,419272,35,4200000,31000,20.50,3.03,60,0,0,0,0,6,10.285710,3.020425,3.555348,15.25060,1.108563,2.423538,NA,0,NA,0,NA,NA,10.341740,NA,NA,NA,NA
1988,419272,40,4800000,33000,24.00,4.17,10,0,0,0,1,8,2.000000,3.178054,3.688879,15.38413,1.427916,1.098612,3.020425,0,0.157629,0,0.133531,0.133532,10.404260,0.062520,0,-8.285714,-1.324925
1989,419272,43,5200000,34800,17.00,1.88,80,0,1,1,0,43,80.000000,2.833213,3.761200,15.46417,0.631272,4.394449,3.178054,0,-0.344840,1,0.072321,0.080043,10.457370,0.053110,0,78.000000,3.295837
1987,419275,15,930000,30000,NA,NA,100,0,0,0,0,4,26.666670,NA,2.708050,13.74294,NA,3.320228,NA,0,NA,0,NA,NA,10.308950,NA,NA,NA,NA
1988,419275,18,980000,33000,NA,NA,100,0,0,0,1,5,27.777780,NA,2.890372,13.79531,NA,3.359603,NA,0,NA,0,0.182321,0.052368,10.404260,0.095310,0,1.111113,0.039375
1989,419275,21,1500000,35000,NA,NA,150,0,1,1,0,10,71.428570,NA,3.044523,14.22098,NA,4.282601,NA,0,NA,1,0.154151,0.425668,10.463100,0.058841,0,43.650790,0.922998
1987,419276,12,1200000,28000,NA,NA,NA,0,0,0,0,12,NA,NA,2.484907,13.99783,NA,NA,NA,0,NA,0,NA,NA,10.239960,NA,NA,NA,NA
1988,419276,10,1300000,30000,NA,NA,NA,0,0,0,1,10,NA,NA,2.302585,14.07788,NA,NA,NA,0,NA,0,-0.182321,0.080043,10.308950,0.068993,0,NA,NA
1989,419276,8,1100000,30000,NA,NA,NA,0,0,1,0,8,NA,NA,2.079442,13.91082,NA,NA,NA,0,NA,0,-0.223144,-0.167054,10.308950,0.000000,0,NA,NA
1987,419289,13,1200000,18720,1.50,NA,0,0,0,0,0,0,0.000000,0.405465,2.564949,13.99783,NA,0.000000,NA,0,NA,0,NA,NA,9.837348,NA,NA,NA,NA
1988,419289,14,1350000,20800,1.41,NA,0,0,0,0,1,0,0.000000,0.343590,2.639057,14.11561,NA,0.000000,0.405465,0,-0.061875,0,0.074108,0.117783,9.942708,0.105360,0,0.000000,0.000000
1989,419289,15,1480000,29120,0.95,NA,72,0,1,1,0,15,72.000000,-0.051293,2.708050,14.20755,NA,4.290460,0.343590,0,-0.394883,1,0.068993,0.091938,10.279180,0.336473,0,72.000000,4.290460
1987,419297,150,22700000,22006,0.20,0.40,50,1,0,0,0,100,33.333330,-1.609438,5.010635,16.93817,-0.916291,3.536117,NA,0,NA,0,NA,NA,9.999070,NA,NA,NA,NA
1988,419297,178,30800000,22027,0.31,0.32,40,1,0,0,1,60,13.483150,-1.171183,5.181784,17.24192,-1.139434,2.672986,-1.609438,0,0.438255,0,0.171148,0.303753,10.000020,0.000954,0,-19.850190,-0.863131
1989,419297,171,28400000,24107,0.27,0.48,20,1,0,1,0,40,4.678362,-1.309333,5.141664,17.16288,-0.733969,1.736663,-1.171183,0,-0.138150,0,-0.040120,-0.079037,10.090260,0.090234,0,-8.804783,-0.936323
1987,419298,80,10000000,33280,NA,NA,0,1,0,0,0,0,0.000000,NA,4.382027,16.11810,NA,0.000000,NA,0,NA,0,NA,NA,10.412710,NA,NA,NA,NA
1988,419298,70,9000000,32240,NA,NA,0,1,0,0,1,0,0.000000,NA,4.248495,16.01274,NA,0.000000,NA,0,NA,0,-0.133532,-0.105360,10.380960,-0.031749,0,0.000000,0.000000
1989,419298,65,9500000,30784,NA,NA,40,1,1,1,0,60,36.923080,NA,4.174387,16.06680,NA,3.635560,NA,0,NA,1,-0.074108,0.054068,10.334750,-0.046213,0,36.923080,3.635560
1987,419302,333,NA,22360,NA,NA,0,0,0,0,0,0,0.000000,NA,5.808143,NA,NA,0.000000,NA,0,NA,0,NA,NA,10.015030,NA,NA,NA,NA
1988,419302,340,NA,22360,NA,NA,8,0,0,0,1,24,0.564706,NA,5.828946,NA,NA,0.447698,NA,0,NA,0,0.020803,NA,10.015030,0.000000,0,0.564706,0.447698
1989,419302,337,NA,22526,NA,NA,12,0,1,1,0,337,12.000000,NA,5.820083,NA,NA,2.564949,NA,0,NA,1,-0.008863,NA,10.022430,0.007397,0,11.435290,2.117251
1987,419303,6,875000,13500,NA,1.50,0,0,0,0,0,0,0.000000,NA,1.791759,13.68198,0.405465,0.000000,NA,0,NA,0,NA,NA,9.510445,NA,NA,NA,NA
1988,419303,8,15900000,14100,NA,1.00,20,0,0,0,1,2,5.000000,NA,2.079442,16.57868,0.000000,1.791759,NA,0,NA,0,0.287682,2.896701,9.553930,0.043486,0,5.000000,1.791759
1989,419303,11,2250000,15050,NA,1.25,75,0,1,1,0,11,75.000000,NA,2.397895,14.62644,0.223143,4.330733,NA,0,NA,1,0.318454,-1.952239,9.619133,0.065203,0,70.000000,2.538974
1987,419305,5,NA,NA,NA,NA,0,1,0,0,0,0,0.000000,NA,1.609438,NA,NA,0.000000,NA,0,NA,0,NA,NA,NA,NA,NA,NA,NA
1988,419305,5,NA,NA,NA,NA,0,1,0,0,1,0,0.000000,NA,1.609438,NA,NA,0.000000,NA,0,NA,0,0.000000,NA,NA,NA,0,0.000000,0.000000
1989,419305,5,NA,NA,NA,NA,9,1,1,1,0,5,9.000000,NA,1.609438,NA,NA,2.302585,NA,0,NA,1,0.000000,NA,NA,NA,0,9.000000,2.302585
1987,419307,262,18100000,22360,1.00,1.09,0,0,0,0,0,4,0.000000,0.000000,5.568345,16.70866,0.086178,0.000000,NA,0,NA,0,NA,NA,10.015030,NA,NA,NA,NA
1988,419307,264,19300000,23026,0.85,1.07,24,0,0,0,1,3,0.272727,-0.162519,5.575949,16.77406,0.067659,0.241162,0.000000,0,-0.162519,0,0.007605,0.065403,10.044380,0.029350,0,0.272727,0.241162
1989,419307,302,22200000,21736,0.89,1.07,44,0,1,1,0,302,44.000000,-0.116534,5.710427,16.91650,0.067659,3.806663,-0.162519,0,0.045985,1,0.134478,0.142445,9.986725,-0.057654,0,43.727270,3.565500
1987,419309,6,600000,24960,NA,0.33,15,0,0,0,0,6,15.000000,NA,1.791759,13.30468,-1.108663,2.772589,NA,0,NA,0,NA,NA,10.125030,NA,NA,NA,NA
1988,419309,9,750000,28080,NA,0.40,20,0,0,0,1,9,20.000000,NA,2.197225,13.52783,-0.916291,3.044523,NA,0,NA,0,0.405465,0.223144,10.242810,0.117783,0,5.000000,0.271934
1989,419309,12,1000000,30160,NA,0.40,55,0,1,1,0,12,55.000000,NA,2.484907,13.81551,-0.916291,4.025352,NA,0,NA,1,0.287682,0.287683,10.314270,0.071459,0,35.000000,0.980829
1987,419312,60,5845000,21133,NA,NA,NA,0,0,0,0,60,NA,NA,4.094345,15.58110,NA,NA,NA,0,NA,0,NA,NA,9.958591,NA,NA,NA,NA
1988,419312,71,6927000,20904,NA,NA,NA,0,0,0,1,71,NA,NA,4.262680,15.75094,NA,NA,NA,0,NA,0,0.168335,0.169840,9.947696,-0.010896,0,NA,NA
1989,419312,97,11000000,21445,NA,NA,NA,0,0,1,0,97,NA,NA,4.574711,16.21450,NA,NA,NA,0,NA,0,0.312031,0.463559,9.973247,0.025551,0,NA,NA
1987,419319,60,NA,NA,NA,NA,40,0,0,0,0,60,40.000000,NA,4.094345,NA,NA,3.713572,NA,0,NA,0,NA,NA,NA,NA,NA,NA,NA
1988,419319,69,NA,NA,NA,NA,50,0,0,0,1,69,50.000000,NA,4.234107,NA,NA,3.931826,NA,0,NA,0,0.139762,NA,NA,NA,0,10.000000,0.218254
1989,419319,78,NA,NA,NA,NA,50,0,0,1,0,78,50.000000,NA,4.356709,NA,NA,3.931826,NA,0,NA,0,0.122603,NA,NA,NA,0,0.000000,0.000000
1987,419328,27,2700000,NA,NA,NA,0,1,0,0,0,0,0.000000,NA,3.295837,14.80876,NA,0.000000,NA,0,NA,0,NA,NA,NA,NA,NA,NA,NA
1988,419328,27,2800000,NA,NA,NA,0,1,0,0,1,0,0.000000,NA,3.295837,14.84513,NA,0.000000,NA,0,NA,0,0.000000,0.036367,NA,NA,0,0.000000,0.000000
1989,419328,27,2800000,NA,NA,NA,12,1,1,1,0,27,12.000000,NA,3.295837,14.84513,NA,2.564949,NA,0,NA,1,0.000000,0.000000,NA,NA,0,12.000000,2.564949
1987,419335,57,8486927,40563,NA,NA,0,0,0,0,0,0,0.000000,NA,4.043051,15.95404,NA,0.000000,NA,0,NA,0,NA,NA,10.610610,NA,NA,NA,NA
1988,419335,53,4327519,37429,NA,NA,40,0,0,0,1,10,7.547170,NA,3.970292,15.28051,NA,2.145600,NA,0,NA,0,-0.072759,-0.673532,10.530200,-0.080411,0,7.547170,2.145600
1989,419335,62,8533205,42583,NA,NA,40,0,0,1,0,5,3.225806,NA,4.127134,15.95948,NA,1.441210,NA,0,NA,0,0.156842,0.678970,10.659210,0.129009,0,-4.321363,-0.704390
1987,419339,40,8000000,15000,0.50,0.30,0,1,0,0,0,0,0.000000,-0.693147,3.688879,15.89495,-1.203973,0.000000,NA,0,NA,0,NA,NA,9.615806,NA,NA,NA,NA
1988,419339,40,8500000,15500,0.59,0.34,0,1,0,0,1,0,0.000000,-0.527633,3.688879,15.95558,-1.078810,0.000000,-0.693147,0,0.165514,0,0.000000,0.060625,9.648595,0.032789,0,0.000000,0.000000
1989,419339,60,10000000,17000,0.45,0.22,0,1,0,1,0,0,0.000000,-0.798508,4.094345,16.11810,-1.514128,0.000000,-0.527633,0,-0.270875,0,0.405465,0.162519,9.740969,0.092374,0,0.000000,0.000000
1987,419343,100,10000000,15000,5.00,7.00,70,1,0,0,0,5,3.500000,1.609438,4.605170,16.11810,1.945910,1.504077,NA,0,NA,0,NA,NA,9.615806,NA,NA,NA,NA
1988,419343,125,12000000,16000,4.00,8.00,25,1,0,0,1,21,4.200000,1.386294,4.828314,16.30042,2.079442,1.648659,1.609438,0,-0.223144,0,0.223144,0.182321,9.680344,0.064538,0,0.700000,0.144581
1989,419343,290,48000000,18700,3.00,10.00,17,1,1,1,0,290,17.000000,1.098612,5.669881,17.68671,2.302585,2.890372,1.386294,0,-0.287682,1,0.841567,1.386295,9.836279,0.155935,0,12.800000,1.241713
1987,419344,NA,NA,NA,NA,NA,0,0,0,0,0,0,NA,NA,NA,NA,NA,NA,NA,0,NA,0,NA,NA,NA,NA,NA,NA,NA
1988,419344,NA,NA,NA,NA,NA,0,0,0,0,1,0,NA,NA,NA,NA,NA,NA,NA,0,NA,0,NA,NA,NA,NA,0,NA,NA
1989,419344,9,1000000,17000,NA,NA,0,0,0,1,0,0,0.000000,NA,2.197225,13.81551,NA,0.000000,NA,0,NA,0,NA,NA,9.740969,NA,0,NA,NA
1987,419347,NA,NA,NA,NA,NA,0,0,0,0,0,20,NA,NA,NA,NA,NA,NA,NA,0,NA,0,NA,NA,NA,NA,NA,NA,NA
1988,419347,NA,NA,NA,NA,NA,8,0,0,0,1,25,NA,NA,NA,NA,NA,NA,NA,0,NA,0,NA,NA,NA,NA,0,NA,NA
1989,419347,NA,NA,NA,NA,NA,13,0,1,1,0,81,NA,NA,NA,NA,NA,NA,NA,0,NA,1,NA,NA,NA,NA,0,NA,NA
1987,419351,12,NA,18000,NA,NA,0,0,0,0,0,0,0.000000,NA,2.484907,NA,NA,0.000000,NA,0,NA,0,NA,NA,9.798127,NA,NA,NA,NA
1988,419351,14,NA,18000,NA,NA,15,0,0,0,1,0,0.000000,NA,2.639057,NA,NA,0.000000,NA,0,NA,0,0.154151,NA,9.798127,0.000000,0,0.000000,0.000000
1989,419351,14,NA,19000,NA,NA,25,0,1,1,0,14,25.000000,NA,2.639057,NA,NA,3.258096,NA,0,NA,1,0.000000,NA,9.852194,0.054067,0,25.000000,3.258096
1987,419357,60,6870314,12750,2.00,2.00,50,0,0,0,0,60,50.000000,0.693147,4.094345,15.74272,0.693147,3.931826,NA,0,NA,0,NA,NA,9.453286,NA,NA,NA,NA
1988,419357,65,7079852,11875,1.00,1.00,75,0,0,0,1,65,75.000000,0.000000,4.174387,15.77276,0.000000,4.330733,0.693147,0,-0.693147,0,0.080043,0.030043,9.382191,-0.071096,0,25.000000,0.398908
1989,419357,75,8040128,12625,0.50,0.50,120,0,1,1,0,75,120.000000,-0.693147,4.317488,15.89996,-0.693147,4.795791,0.000000,0,-0.693147,1,0.143101,0.127192,9.443435,0.061244,0,45.000000,0.465057
1987,419375,NA,2900000,NA,NA,NA,0,0,0,0,0,0,NA,NA,NA,14.88022,NA,NA,NA,0,NA,0,NA,NA,NA,NA,NA,NA,NA
1988,419375,NA,2500000,NA,NA,NA,25,0,0,0,1,10,NA,NA,NA,14.73180,NA,NA,NA,0,NA,0,NA,-0.148420,NA,NA,0,NA,NA
1989,419375,NA,3100000,NA,NA,NA,140,0,1,1,0,8,NA,NA,NA,14.94691,NA,NA,NA,0,NA,1,NA,0.215112,NA,NA,0,NA,NA
1987,419376,32,6000000,15250,NA,NA,2,1,0,0,0,5,0.312500,NA,3.465736,15.60727,NA,0.271934,NA,0,NA,0,NA,NA,9.632335,NA,NA,NA,NA
1988,419376,36,6100000,16290,NA,NA,4,1,0,0,1,10,1.111111,NA,3.583519,15.62380,NA,0.747214,NA,0,NA,0,0.117783,0.016529,9.698307,0.065972,0,0.798611,0.475281
1989,419376,40,6300000,17370,NA,NA,38,1,1,1,0,40,38.000000,NA,3.688879,15.65606,NA,3.663562,NA,0,NA,1,0.105360,0.032261,9.762500,0.064193,0,36.888890,2.916347
1987,419378,20,2700000,10920,2.71,NA,50,0,0,0,0,5,12.500000,0.996949,2.995732,14.80876,NA,2.602690,NA,0,NA,0,NA,NA,9.298351,NA,NA,NA,NA
1988,419378,22,3100000,11856,1.52,NA,75,0,0,0,1,12,40.909090,0.418710,3.091043,14.94691,NA,3.735503,0.996949,0,-0.578238,0,0.095310,0.138150,9.380589,0.082238,0,28.409090,1.132813
1989,419378,37,4700000,13520,1.34,NA,154,0,1,1,0,37,154.000000,0.292670,3.610918,15.36307,NA,5.043425,0.418710,0,-0.126041,1,0.519875,0.416161,9.511926,0.131336,0,113.090900,1.307922
1987,419379,201,NA,23167,NA,NA,0,0,0,0,0,0,0.000000,NA,5.303305,NA,NA,0.000000,NA,0,NA,0,NA,NA,10.050480,NA,NA,NA,NA
1988,419379,201,NA,25929,NA,NA,0,0,0,0,1,0,0.000000,NA,5.303305,NA,NA,0.000000,NA,0,NA,0,0.000000,NA,10.163120,0.112634,0,0.000000,0.000000
1989,419379,237,NA,24965,NA,NA,24,0,1,1,0,70,7.088608,NA,5.468060,NA,NA,2.090457,NA,0,NA,1,0.164755,NA,10.125230,-0.037888,0,7.088608,2.090457
1987,419380,45,10000000,NA,NA,NA,0,0,0,0,0,0,0.000000,NA,3.806663,16.11810,NA,0.000000,NA,0,NA,0,NA,NA,NA,NA,NA,NA,NA
1988,419380,50,10000000,NA,NA,NA,0,0,0,0,1,0,0.000000,NA,3.912023,16.11810,NA,0.000000,NA,0,NA,0,0.105360,0.000000,NA,NA,0,0.000000,0.000000
1989,419380,55,12000000,NA,NA,NA,10,0,0,1,0,55,10.000000,NA,4.007333,16.30042,NA,2.397895,NA,0,NA,0,0.095310,0.182321,NA,NA,0,10.000000,2.397895
1987,419381,14,1585000,14560,0.65,NA,60,0,0,0,0,1,4.285714,-0.430783,2.639057,14.27610,NA,1.665008,NA,0,NA,0,NA,NA,9.586033,NA,NA,NA,NA
1988,419381,11,1560000,19240,0.55,NA,0,0,0,0,1,0,0.000000,-0.597837,2.397895,14.26020,NA,0.000000,-0.430783,0,-0.167054,0,-0.241162,-0.015899,9.864747,0.278714,0,-4.285714,-1.665008
1989,419381,12,1747000,20280,0.38,NA,50,0,1,1,0,12,50.000000,-0.967584,2.484907,14.37341,NA,3.931826,-0.597837,0,-0.369747,1,0.087011,0.113213,9.917391,0.052644,0,50.000000,3.931826
1987,419384,50,NA,24960,NA,NA,0,0,0,0,0,0,0.000000,NA,3.912023,NA,NA,0.000000,NA,0,NA,0,NA,NA,10.125030,NA,NA,NA,NA
1988,419384,73,NA,26520,NA,NA,0,0,0,0,1,2,0.000000,NA,4.290460,NA,NA,0.000000,NA,0,NA,0,0.378437,NA,10.185650,0.060625,0,0.000000,0.000000
1989,419384,83,NA,28080,NA,NA,110,0,1,1,0,30,39.759040,NA,4.418840,NA,NA,3.707678,NA,0,NA,1,0.128381,NA,10.242810,0.057159,0,39.759040,3.707678
1987,419388,40,2400000,16307,11.00,9.00,2,0,0,0,0,10,0.500000,2.397895,3.688879,14.69098,2.197225,0.405465,NA,0,NA,0,NA,NA,9.699349,NA,NA,NA,NA
1988,419388,36,2300000,16827,8.00,7.00,4,0,0,0,1,15,1.666667,2.079442,3.583519,14.64842,1.945910,0.980829,2.397895,0,-0.318454,0,-0.105360,-0.042560,9.730740,0.031390,0,1.166667,0.575364
1989,419388,33,2700000,17347,6.00,3.00,18,0,1,1,0,33,18.000000,1.791759,3.496508,14.80876,1.098612,2.944439,2.079442,0,-0.287682,1,-0.087011,0.160343,9.761175,0.030436,0,16.333330,1.963610
1987,419392,15,NA,18000,NA,NA,NA,0,0,0,0,15,NA,NA,2.708050,NA,NA,NA,NA,0,NA,0,NA,NA,9.798127,NA,NA,NA,NA
1988,419392,18,NA,19500,NA,NA,NA,0,0,0,1,18,NA,NA,2.890372,NA,NA,NA,NA,0,NA,0,0.182321,NA,9.878170,0.080043,0,NA,NA
1989,419392,21,NA,20900,NA,NA,NA,0,0,1,0,21,NA,NA,3.044523,NA,NA,NA,NA,0,NA,0,0.154151,NA,9.947504,0.069334,0,NA,NA
1987,419400,6,373164,17680,NA,NA,170,0,0,0,0,2,56.666670,NA,1.791759,12.82977,NA,4.054679,NA,0,NA,0,NA,NA,9.780190,NA,NA,NA,NA
1988,419400,8,422611,17680,NA,NA,170,0,0,0,1,4,85.000000,NA,2.079442,12.95421,NA,4.454347,NA,0,NA,0,0.287682,0.124435,9.780190,0.000000,0,28.333330,0.399668
1989,419400,9,390210,17846,NA,NA,170,0,0,1,0,4,75.555560,NA,2.197225,12.87444,NA,4.338017,NA,0,NA,0,0.117783,-0.079767,9.789535,0.009345,0,-9.444443,-0.116331
1987,419401,62,5000000,29000,NA,NA,72,0,0,0,0,13,15.096770,NA,4.127134,15.42495,NA,2.778619,NA,0,NA,0,NA,NA,10.275050,NA,NA,NA,NA
1988,419401,74,6000000,34000,NA,NA,72,0,0,0,1,13,12.648650,NA,4.304065,15.60727,NA,2.613641,NA,0,NA,0,0.176931,0.182321,10.434120,0.159064,0,-2.448126,-0.164978
1989,419401,82,8000000,39000,NA,NA,72,0,0,1,0,13,11.414630,NA,4.406719,15.89495,NA,2.518876,NA,0,NA,0,0.102654,0.287682,10.571320,0.137201,0,-1.234015,-0.094765
1987,419406,NA,1842243,NA,NA,NA,NA,0,0,0,0,NA,NA,NA,NA,14.42649,NA,NA,NA,0,NA,0,NA,NA,NA,NA,NA,NA,NA
1988,419406,NA,2072633,NA,NA,NA,NA,0,0,0,1,NA,NA,NA,NA,14.54433,NA,NA,NA,0,NA,0,NA,0.117836,NA,NA,0,NA,NA
1989,419406,NA,2314928,NA,NA,NA,NA,0,0,1,0,NA,NA,NA,NA,14.65489,NA,NA,NA,0,NA,0,NA,0.110559,NA,NA,0,NA,NA
1987,419409,75,8450000,13416,2.25,0.50,20,0,0,0,0,40,10.666670,0.810930,4.317488,15.94968,-0.693147,2.456736,NA,0,NA,0,NA,NA,9.504203,NA,NA,NA,NA
1988,419409,72,10300000,15184,2.50,0.50,26,0,0,0,1,72,26.000000,0.916291,4.276666,16.14746,-0.693147,3.295837,0.810930,0,0.105361,0,-0.040822,0.197784,9.627997,0.123795,0,15.333330,0.839101
1989,419409,75,10200000,17451,2.00,0.50,60,0,1,1,0,75,60.000000,0.693147,4.317488,16.13348,-0.693147,4.110874,0.916291,0,-0.223144,1,0.040822,-0.013985,9.767152,0.139154,0,34.000000,0.815037
1987,419410,26,NA,26667,NA,14.00,100,0,0,0,0,6,23.076920,NA,3.258096,NA,2.639057,3.181254,NA,0,NA,0,NA,NA,10.191180,NA,NA,NA,NA
1988,419410,24,NA,24856,NA,10.00,100,0,0,0,1,8,33.333330,NA,3.178054,NA,2.302585,3.536117,NA,0,NA,0,-0.080043,NA,10.120850,-0.070328,0,10.256410,0.354863
1989,419410,23,NA,25280,NA,9.00,120,0,1,1,0,23,120.000000,NA,3.135494,NA,2.197225,4.795791,NA,0,NA,1,-0.042560,NA,10.137770,0.016914,0,86.666670,1.259674
1987,419420,19,1980000,15600,NA,NA,0,0,0,0,0,0,0.000000,NA,2.944439,14.49861,NA,0.000000,NA,0,NA,0,NA,NA,9.655026,NA,NA,NA,NA
1988,419420,15,1600000,17160,NA,NA,0,0,0,0,1,0,0.000000,NA,2.708050,14.28551,NA,0.000000,NA,0,NA,0,-0.236389,-0.213094,9.750337,0.095310,0,0.000000,0.000000
1989,419420,12,1430000,18720,NA,NA,80,0,1,1,0,12,80.000000,NA,2.484907,14.17319,NA,4.394449,NA,0,NA,1,-0.223144,-0.112328,9.837348,0.087011,0,80.000000,4.394449
1987,419432,250,6000000,14352,5.00,3.00,NA,0,0,0,0,250,NA,1.609438,5.521461,15.60727,1.098612,NA,NA,0,NA,0,NA,NA,9.571645,NA,NA,NA,NA
1988,419432,290,18000000,15184,4.80,3.00,NA,0,0,0,1,290,NA,1.568616,5.669881,16.70588,1.098612,NA,1.609438,0,-0.040822,0,0.148420,1.098613,9.627997,0.056353,0,NA,NA
1989,419432,350,54000000,16432,5.20,4.00,NA,0,0,1,0,350,NA,1.648659,5.857933,17.80449,1.386294,NA,1.568616,0,0.080043,0,0.188052,1.098612,9.706985,0.078988,0,NA,NA
1987,419433,19,1700000,16640,NA,NA,50,0,0,0,0,4,10.526320,NA,2.944439,14.34614,NA,2.444633,NA,0,NA,0,NA,NA,9.719564,NA,NA,NA,NA
1988,419433,19,2000000,17160,NA,NA,15,0,0,0,1,19,15.000000,NA,2.944439,14.50866,NA,2.772589,NA,0,NA,0,0.000000,0.162519,9.750337,0.030772,0,4.473684,0.327956
1989,419433,21,2200000,17680,NA,NA,49,0,1,1,0,11,25.666670,NA,3.044523,14.60397,NA,3.283414,NA,0,NA,1,0.100084,0.095310,9.780190,0.029853,0,10.666670,0.510826
1987,419434,89,11400000,14394,NA,0.00,0,0,0,0,0,0,0.000000,NA,4.488636,16.24737,NA,0.000000,NA,0,NA,0,NA,NA,9.574567,NA,NA,NA,NA
1988,419434,59,4748000,15454,NA,0.04,0,0,0,0,1,0,0.000000,NA,4.077538,15.37323,-3.218876,0.000000,NA,0,NA,0,-0.411099,-0.874134,9.645623,0.071056,0,0.000000,0.000000
1989,419434,105,7175000,15558,NA,0.14,10,0,0,1,0,105,10.000000,NA,4.653960,15.78611,-1.966113,2.397895,NA,0,NA,0,0.576423,0.412880,9.652330,0.006707,0,10.000000,2.397895
1987,419449,40,3317000,16640,NA,NA,30,0,0,0,0,40,30.000000,NA,3.688879,15.01457,NA,3.433987,NA,0,NA,0,NA,NA,9.719564,NA,NA,NA,NA
1988,419449,55,3692000,16640,NA,NA,30,0,0,0,1,55,30.000000,NA,4.007333,15.12168,NA,3.433987,NA,0,NA,0,0.318454,0.107108,9.719564,0.000000,0,0.000000,0.000000
1989,419449,65,3252000,16640,NA,NA,30,0,0,1,0,15,6.923077,NA,4.174387,14.99478,NA,2.069780,NA,0,NA,0,0.167054,-0.126899,9.719564,0.000000,0,-23.076920,-1.364208
1987,419450,175,12500000,9360,NA,NA,0,0,0,0,0,0,0.000000,NA,5.164786,16.34124,NA,0.000000,NA,0,NA,0,NA,NA,9.144200,NA,NA,NA,NA
1988,419450,225,12500000,10400,NA,NA,0,0,0,0,1,0,0.000000,NA,5.416101,16.34124,NA,0.000000,NA,0,NA,0,0.251315,0.000000,9.249561,0.105361,0,0.000000,0.000000
1989,419450,275,18200000,11440,NA,NA,3,0,0,1,0,200,2.181818,NA,5.616771,16.71693,NA,1.157453,NA,0,NA,0,0.200671,0.375692,9.344872,0.095310,0,2.181818,1.157453
1987,419459,110,15100000,21000,1.67,0.21,20,1,0,0,0,35,6.363636,0.512824,4.700480,16.53020,-1.560648,1.996554,NA,0,NA,0,NA,NA,9.952278,NA,NA,NA,NA
1988,419459,125,16000000,21000,2.50,0.23,20,1,0,0,1,40,6.400000,0.916291,4.828314,16.58810,-1.469676,2.001480,0.512824,0,0.403467,0,0.127833,0.057894,9.952278,0.000000,0,0.036364,0.004926
1989,419459,225,28900000,21000,1.12,0.15,20,1,0,1,0,160,14.222220,0.113329,5.416101,17.17935,-1.897120,2.722756,0.916291,0,-0.802962,0,0.587787,0.591253,9.952278,0.000000,0,7.822222,0.721276
1987,419461,24,NA,14800,NA,NA,0,0,0,0,0,0,0.000000,NA,3.178054,NA,NA,0.000000,NA,0,NA,0,NA,NA,9.602383,NA,NA,NA,NA
1988,419461,23,NA,15200,NA,NA,0,0,0,0,1,0,0.000000,NA,3.135494,NA,NA,0.000000,NA,0,NA,0,-0.042560,NA,9.629050,0.026668,0,0.000000,0.000000
1989,419461,36,NA,15800,NA,NA,40,0,1,1,0,30,33.333330,NA,3.583519,NA,NA,3.536117,NA,0,NA,1,0.448025,NA,9.667766,0.038715,0,33.333330,3.536117
1987,419467,4,1494764,30000,NA,NA,80,0,0,0,0,4,80.000000,NA,1.386294,14.21748,NA,4.394449,NA,0,NA,0,NA,NA,10.308950,NA,NA,NA,NA
1988,419467,5,2566104,31000,NA,NA,100,0,0,0,1,5,100.000000,NA,1.609438,14.75790,NA,4.615120,NA,0,NA,0,0.223144,0.540420,10.341740,0.032790,0,20.000000,0.220671
1989,419467,10,2191680,35000,NA,NA,100,0,0,1,0,10,100.000000,NA,2.302585,14.60018,NA,4.615120,NA,0,NA,0,0.693147,-0.157721,10.463100,0.121361,0,0.000000,0.000000
1987,419472,120,NA,13000,NA,NA,20,0,0,0,0,25,4.166667,NA,4.787492,NA,NA,1.642228,NA,0,NA,0,NA,NA,9.472705,NA,NA,NA,NA
1988,419472,100,NA,13500,NA,NA,20,0,0,0,1,25,5.000000,NA,4.605170,NA,NA,1.791759,NA,0,NA,0,-0.182321,NA,9.510445,0.037740,0,0.833333,0.149532
1989,419472,100,NA,14000,NA,NA,60,0,1,1,0,100,60.000000,NA,4.605170,NA,NA,4.110874,NA,0,NA,1,0.000000,NA,9.546813,0.036368,0,55.000000,2.319114
1987,419473,18,NA,NA,NA,NA,0,1,0,0,0,0,0.000000,NA,2.890372,NA,NA,0.000000,NA,0,NA,0,NA,NA,NA,NA,NA,NA,NA
1988,419473,18,NA,NA,NA,NA,3,1,0,0,1,18,3.000000,NA,2.890372,NA,NA,1.386294,NA,0,NA,0,0.000000,NA,NA,NA,0,3.000000,1.386294
1989,419473,18,NA,NA,NA,NA,35,1,1,1,0,18,35.000000,NA,2.890372,NA,NA,3.583519,NA,0,NA,1,0.000000,NA,NA,NA,0,32.000000,2.197225
1987,419479,NA,NA,NA,NA,NA,0,0,0,0,0,0,NA,NA,NA,NA,NA,NA,NA,0,NA,0,NA,NA,NA,NA,NA,NA,NA
1988,419479,30,1503906,15500,NA,NA,0,0,0,0,1,0,0.000000,NA,3.401197,14.22358,NA,0.000000,NA,0,NA,0,NA,NA,9.648595,NA,0,NA,NA
1989,419479,30,1360372,16500,NA,NA,20,0,0,1,0,13,8.666667,NA,3.401197,14.12327,NA,2.268684,NA,0,NA,0,0.000000,-0.100307,9.711116,0.062521,0,8.666667,2.268684
1987,419482,15,NA,NA,2.70,NA,0,0,0,0,0,0,0.000000,0.993252,2.708050,NA,NA,0.000000,NA,0,NA,0,NA,NA,NA,NA,NA,NA,NA
1988,419482,15,1000000,10000,2.59,NA,0,0,0,0,1,0,0.000000,0.951658,2.708050,13.81551,NA,0.000000,0.993252,0,-0.041594,0,0.000000,NA,9.210340,NA,0,0.000000,0.000000
1989,419482,18,1000000,10000,2.80,NA,24,0,0,1,0,18,24.000000,1.029619,2.890372,13.81551,NA,3.218876,0.951658,0,0.077962,0,0.182321,0.000000,9.210340,0.000000,0,24.000000,3.218876
1987,419483,133,11000000,13957,20.00,NA,0,1,0,0,0,0,0.000000,2.995732,4.890349,16.21341,NA,0.000000,NA,0,NA,0,NA,NA,9.543736,NA,NA,NA,NA
1988,419483,108,11500000,14810,25.00,NA,0,1,0,0,1,0,0.000000,3.218876,4.682131,16.25786,NA,0.000000,2.995732,0,0.223144,0,-0.208218,0.044453,9.603058,0.059321,0,0.000000,0.000000
1989,419483,129,12000000,14227,30.00,NA,20,1,0,1,0,20,3.100775,3.401197,4.859812,16.30042,NA,1.411176,3.218876,0,0.182321,0,0.177681,0.042559,9.562897,-0.040161,0,3.100775,1.411176
1987,419486,80,7000000,16000,NA,NA,0,0,0,0,0,0,0.000000,NA,4.382027,15.76142,NA,0.000000,NA,0,NA,0,NA,NA,9.680344,NA,NA,NA,NA
1988,419486,90,8500000,17000,NA,NA,0,0,0,0,1,0,0.000000,NA,4.499810,15.95558,NA,0.000000,NA,0,NA,0,0.117783,0.194157,9.740969,0.060625,0,0.000000,0.000000
1989,419486,100,9900000,18000,NA,NA,40,0,1,1,0,90,36.000000,NA,4.605170,16.10805,NA,3.610918,NA,0,NA,1,0.105360,0.152469,9.798127,0.057159,0,36.000000,3.610918
